Name,Pos,Tm/Bye,Average,Stdev,Rank,Tier,ECR,ECR VS. ADP,PS,Baseline,Args
Josh Allen,QB,BUF/7,6.53,1.18,1.0,1,3|08,-0.8333333333333334,0.83,QB:15,12
Patrick Mahomes,QB,KC/8,4.32,1.09,2.0,2,4|12,-1.1666666666666667,0.72,RB:37,1
Justin Herbert,QB,LAC/8,3.95,1.08,3.0,2,4|08,-0.5833333333333334,0.62,WR:44,2
Lamar Jackson,QB,BAL/10,3.89,1.3,4.0,2,5|05,-0.5833333333333334,0.52,TE:17,2
Kyler Murray,QB,ARI/13,3.74,0.97,5.0,2,5|11,-0.25,0.42,,1
Jalen Hurts,QB,PHI/7,3.62,1.02,6.0,2,6|01,0.3333333333333333,0.33,,1
Tom Brady,QB,TB/11,2.67,0.77,7.0,3,7|10,-0.25,0.26,,0
Joe Burrow,QB,CIN/10,2.16,1.03,8.0,3,7|05,-2.083333333333333,0.2,,0
Dak Prescott,QB,DAL/9,2.04,0.88,9.0,3,8|03,-0.8333333333333334,0.15,,0
Russell Wilson,QB,DEN/9,1.53,1.2,10.0,4,8|01,-0.75,0.11,,4.0
Trey Lance,QB,SF/9,1.32,1.14,11.0,4,8|08,0.6666666666666666,0.08,,6.0
Matthew Stafford,QB,LAR/7,1.15,0.91,12.0,4,9|01,-0.3333333333333333,0.05,,6.0
Aaron Rodgers,QB,GB/14,1.07,0.83,13.0,4,9|05,-0.75,0.02,,0.04
Kirk Cousins,QB,MIN/7,0.58,0.64,14.0,4,9|11,0.25,0.01,,0.1
Derek Carr,QB,LV/6,0.24,0.65,15.0,4,10|01,-0.25,0.0,,0.1
Tua Tagovailoa,QB,MIA/11,-1.04,0.82,16.0,5,11|05,0.6666666666666666,0.0,,0.0
Trevor Lawrence,QB,JAX/11,-1.06,0.92,17.0,5,12|04,2.5,0.0,,0.0
Justin Fields,QB,CHI/14,-1.07,1.0,18.0,5,11|08,0.9166666666666666,0.0,,-1.0
Ryan Tannehill,QB,TEN/6,-1.58,1.05,19.0,5,14|01,0.5833333333333334,0.0,,0.0
Daniel Jones,QB,NYG/9,-1.66,1.45,20.0,5,14|11,5.916666666666667,0.0,,0.5
Jameis Winston,QB,NO/14,-1.93,1.38,21.0,6,13|04,2.833333333333333,0.0,,0.0
Matt Ryan,QB,IND/14,-2.02,0.99,22.0,6,13|06,2.1666666666666665,0.0,,0.0
Mac Jones,QB,NE/10,-2.3,0.97,23.0,6,14|09,0.25,0.0,,2022-08-24
Carson Wentz,QB,WAS/14,-2.37,1.09,24.0,6,16|12,0.5,0.0,,
Jared Goff,QB,DET/6,-2.9,0.68,25.0,6,17|03,1.25,0.0,,
Zach Wilson,QB,NYJ/10,-3.17,1.55,26.0,6,17|05,0.6666666666666666,0.0,,
Baker Mayfield,QB,CAR/13,-3.66,1.39,27.0,7,18|08,-2.4166666666666665,0.0,,
Davis Mills,QB,HOU/6,-3.95,0.97,28.0,7,18|12,1.3333333333333333,0.0,,
Marcus Mariota,QB,ATL/14,-5.03,2.24,29.0,7,21|07,4.416666666666667,0.0,,
Mitchell Trubisky,QB,PIT/9,-8.12,3.92,30.0,8,23|04,2.75,0.0,,
Geno Smith,QB,SEA/11,-8.74,3.5,31.0,8,27|10,2.4166666666666665,0.0,,
Jacoby Brissett,QB,CLE/9,-8.89,1.4,32.0,8,27|05,1.0,0.0,,
Kenny Pickett,QB,PIT/9,-10.53,3.01,33.0,9,26|05,-3.6666666666666665,0.0,,
Drew Lock,QB,SEA/11,-11.1,3.3,34.0,9,26|03,5.833333333333333,0.0,,
Deshaun Watson,QB,CLE/9,-11.21,1.31,35.0,10,22|01,-6.25,0.0,,
Desmond Ridder,QB,ATL/14,-13.0,2.95,36.0,10,30|03,-1.9166666666666667,0.0,,
Jonathan Taylor,RB,IND/14,11.31,1.9,1.0,1,1|01,0.0,0.93,,
Christian McCaffrey,RB,CAR/13,9.81,1.71,2.0,2,1|02,0.0833333333333333,0.86,,
Derrick Henry,RB,TEN/6,8.91,1.81,3.0,3,1|07,-0.1666666666666666,0.8,,
Austin Ekeler,RB,LAC/8,8.62,1.29,4.0,3,1|03,-0.0833333333333333,0.75,,
Dalvin Cook,RB,MIN/7,7.15,1.09,5.0,4,1|05,0.1666666666666666,0.7,,
Najee Harris,RB,PIT/9,7.13,1.24,6.0,4,1|09,-0.0833333333333333,0.65,,
Joe Mixon,RB,CIN/10,7.11,1.01,7.0,4,1|10,0.0,0.61,,
Alvin Kamara,RB,NO/14,6.65,1.56,8.0,4,2|03,0.1666666666666666,0.57,,
DAndre Swift,RB,DET/6,6.01,1.27,9.0,5,1|12,0.1666666666666666,0.53,,
Leonard Fournette,RB,TB/11,5.85,1.13,10.0,5,2|07,0.5,0.49,,
Saquon Barkley,RB,NYG/9,5.74,1.19,11.0,5,2|04,0.3333333333333333,0.45,,
Aaron Jones,RB,GB/14,5.56,1.13,12.0,5,2|06,-0.1666666666666666,0.41,,
James Conner,RB,ARI/13,5.36,1.16,13.0,6,3|06,0.0833333333333333,0.38,,
Nick Chubb,RB,CLE/9,5.2,1.01,14.0,6,2|08,-0.4166666666666667,0.35,,
Javonte Williams,RB,DEN/9,4.99,0.95,15.0,6,2|11,-0.1666666666666666,0.31,,
Ezekiel Elliott,RB,DAL/9,4.77,1.24,16.0,6,3|07,-0.1666666666666666,0.28,,
David Montgomery,RB,CHI/14,3.77,1.4,17.0,7,4|06,-0.5833333333333334,0.26,,
Cam Akers,RB,LAR/7,3.59,1.52,18.0,7,4|01,-0.4166666666666667,0.23,,
Travis Etienne,RB,JAX/11,3.5,1.31,19.0,7,3|12,0.6666666666666666,0.21,,
Breece Hall,RB,NYJ/10,3.45,1.16,20.0,7,3|11,0.25,0.19,,
JK Dobbins,RB,BAL/10,3.34,1.09,21.0,7,4|09,1.3333333333333333,0.17,,
Josh Jacobs,RB,LV/6,3.01,1.16,22.0,8,5|06,-0.75,0.15,,
AJ Dillon,RB,GB/14,2.59,1.04,23.0,8,5|02,0.25,0.13,,
Elijah Mitchell,RB,SF/9,2.55,1.22,24.0,8,4|11,0.1666666666666666,0.11,,
Damien Harris,RB,NE/10,2.13,1.39,25.0,9,6|05,-0.1666666666666666,0.1,,
Cordarrelle Patterson,RB,ATL/14,2.04,1.27,26.0,9,8|02,-0.3333333333333333,0.09,,
Clyde Edwards-Helaire,RB,KC/8,1.99,1.26,27.0,9,6|07,-0.0833333333333333,0.07,,
Miles Sanders,RB,PHI/7,1.8,1.34,28.0,9,6|11,0.1666666666666666,0.06,,
Tony Pollard,RB,DAL/9,1.58,1.14,29.0,10,7|06,0.6666666666666666,0.05,,
Chase Edmonds,RB,MIA/11,1.29,0.97,30.0,10,6|09,1.5,0.04,,
Antonio Gibson,RB,WAS/14,1.24,1.49,31.0,10,6|03,-0.5,0.03,,
Rhamondre Stevenson,RB,NE/10,1.24,1.34,32.0,10,7|07,1.25,0.03,,
Devin Singletary,RB,BUF/7,1.22,1.57,33.0,10,7|12,-0.5,0.02,,
Rashaad Penny,RB,SEA/11,1.2,1.37,34.0,10,7|02,0.9166666666666666,0.01,,
Kareem Hunt,RB,CLE/9,1.14,1.12,35.0,10,7|03,0.75,0.0,,
Melvin Gordon,RB,DEN/9,0.52,0.93,36.0,11,8|04,0.8333333333333334,0.0,,
Dameon Pierce,RB,HOU/6,-0.64,2.24,37.0,12,9|04,1.1666666666666667,0.0,,
Kenneth Walker,RB,SEA/11,-0.72,1.7,38.0,12,8|10,-0.5,0.0,,
Darrell Henderson,RB,LAR/7,-0.82,1.03,39.0,12,9|12,1.0,0.0,,
Brian Robinson,RB,WAS/14,-0.92,1.65,40.0,12,12|01,-1.3333333333333333,0.0,,
James Robinson,RB,JAX/11,-1.13,1.54,41.0,12,10|08,-0.0833333333333333,0.0,,
Michael Carter,RB,NYJ/10,-1.33,1.15,42.0,13,10|03,-0.25,0.0,,
James Cook,RB,BUF/7,-1.35,1.72,43.0,13,9|07,0.0833333333333333,0.0,,
Jamaal Williams,RB,DET/6,-1.45,0.71,44.0,13,11|10,3.25,0.0,,
Nyheim Hines,RB,IND/14,-1.54,1.16,45.0,13,10|09,0.9166666666666666,0.0,,
Kenneth Gainwell,RB,PHI/7,-1.63,1.07,46.0,13,11|01,2.083333333333333,0.0,,
JD McKissic,RB,WAS/14,-1.83,0.89,47.0,13,11|12,2.583333333333333,0.0,,
Mark Ingram,RB,NO/14,-2.27,0.78,48.0,14,15|05,0.0,0.0,,
Alexander Mattison,RB,MIN/7,-2.39,1.18,49.0,14,10|10,-0.1666666666666666,0.0,,
Raheem Mostert,RB,MIA/11,-2.53,1.42,50.0,14,12|11,0.9166666666666666,0.0,,
Rachaad White,RB,TB/11,-2.78,1.35,51.0,14,13|11,-1.1666666666666667,0.0,,
Marlon Mack,RB,HOU/6,-2.9,2.02,52.0,15,14|10,-1.1666666666666667,0.0,,
Khalil Herbert,RB,CHI/14,-2.96,1.68,53.0,15,12|02,2.1666666666666665,0.0,,
Rex Burkhead,RB,HOU/6,-3.02,1.19,54.0,15,22|12,9.333333333333334,0.0,,
Gus Edwards,RB,BAL/10,-3.07,1.24,55.0,15,15|04,1.0,0.0,,
Isaiah Spiller,RB,LAC/8,-3.11,1.67,56.0,15,13|01,-1.3333333333333333,0.0,,
Tyler Allgeier,RB,ATL/14,-3.31,1.83,57.0,15,12|06,1.9166666666666667,0.0,,
Zamir White,RB,LV/6,-3.43,1.67,58.0,15,16|03,1.0,0.0,,
Damien Williams,RB,ATL/14,-3.48,1.51,59.0,15,20|08,2.5,0.0,,
Ameer Abdullah,RB,LV/6,-3.85,1.3,60.0,16,29|06,-5.5,0.0,,
DOnta Foreman,RB,CAR/13,-3.86,1.6,61.0,16,16|09,-0.25,0.0,,
Isiah Pacheco,RB,KC/8,-3.92,1.46,62.0,16,18|06,-4.5,0.0,,
Jerick McKinnon,RB,KC/8,-4.0,1.39,63.0,16,21|09,3.6666666666666665,0.0,,
Boston Scott,RB,PHI/7,-4.07,1.25,64.0,16,18|10,4.25,0.0,,
Dontrell Hilliard,RB,TEN/6,-4.26,1.42,65.0,17,28|06,-3.9166666666666665,0.0,,
Matt Breida,RB,NYG/9,-4.37,1.05,66.0,17,23|11,0.25,0.0,,
Sony Michel,RB,MIA/11,-4.39,1.15,67.0,17,15|10,0.25,0.0,,
Samaje Perine,RB,CIN/10,-4.43,1.01,68.0,17,19|09,4.333333333333333,0.0,,
Zack Moss,RB,BUF/7,-5.0,1.16,69.0,18,22|07,7.75,0.0,,
Hassan Haskins,RB,TEN/6,-5.07,1.44,70.0,18,25|07,-5.666666666666667,0.0,,
Tyrion Davis-Price,RB,SF/9,-5.15,1.61,71.0,18,19|10,-0.25,0.0,,
Pierre Strong,RB,NE/10,-5.29,0.99,72.0,18,27|03,0.6666666666666666,0.0,,
Mike Davis,RB,BAL/10,-5.35,1.47,73.0,18,22|11,2.4166666666666665,0.0,,
Eno Ben,RB,ARI/13,-5.36,1.42,74.0,18,23|08,-0.8333333333333334,0.0,,
Jeff Wilson,RB,SF/9,-5.42,1.08,75.0,18,21|06,-0.3333333333333333,0.0,,
Joshua Kelley,RB,LAC/8,-5.5,1.36,76.0,18,26|01,8.833333333333334,0.0,,
Brandon Bolden,RB,LV/6,-5.51,1.39,77.0,18,35|05,-1.8333333333333333,0.0,,
DErnest Johnson,RB,CLE/9,-5.64,1.41,78.0,18,20|10,0.5,0.0,,
DeeJay Dallas,RB,SEA/11,-6.16,1.1,79.0,19,32|04,2.75,0.0,,
Kyren Williams,RB,LAR/7,-6.24,0.55,80.0,19,26|08,-2.1666666666666665,0.0,,
Phillip Lindsay,RB,IND/14,-6.4,1.04,81.0,19,25|04,0.5,0.0,,
Darrynton Evans,RB,CHI/14,-6.48,0.11,82.0,19,27|08,0.0,0.0,,
Tyler Badie,RB,BAL/10,-6.79,0.72,83.0,20,28|03,-4.666666666666667,0.0,,
Jermar Jefferson,RB,DET/6,-6.96,0.7,84.0,20,40|07,0.0,0.0,,
Derrick Gore,RB,KC/8,-6.99,1.18,85.0,20,35|06,-2.1666666666666665,0.0,,
Tony Jones,RB,NO/14,-7.11,0.91,86.0,20,36|04,-8.916666666666666,0.0,,
Ty Chandler,RB,MIN/7,-7.41,0.61,87.0,20,37|04,0.0,0.0,,
Travis Kelce,TE,KC/8,6.61,1.35,1.0,1,2|01,0.0,0.8,,
Mark Andrews,TE,BAL/10,6.22,0.92,2.0,1,2|10,0.1666666666666666,0.62,,
Kyle Pitts,TE,ATL/14,3.85,0.99,3.0,2,3|10,-0.0833333333333333,0.5,,
Darren Waller,TE,LV/6,3.4,0.85,4.0,2,5|07,-0.5833333333333334,0.4,,
George Kittle,TE,SF/9,3.04,0.96,5.0,3,5|01,-0.5833333333333334,0.31,,
Dalton Schultz,TE,DAL/9,2.61,0.7,6.0,3,6|06,-0.5833333333333334,0.24,,
Dallas Goedert,TE,PHI/7,1.83,0.71,7.0,4,7|11,-0.6666666666666666,0.18,,
TJ Hockenson,TE,DET/6,1.81,0.8,8.0,4,7|09,-1.1666666666666667,0.13,,
Zach Ertz,TE,ARI/13,1.19,0.73,9.0,5,8|11,-0.3333333333333333,0.09,,
Dawson Knox,TE,BUF/7,0.97,0.65,10.0,5,9|08,-1.1666666666666667,0.06,,
Hunter Henry,TE,NE/10,0.59,0.69,11.0,6,11|04,4.583333333333333,0.04,,
Cole Kmet,TE,CHI/14,0.52,0.77,12.0,6,10|05,1.4166666666666667,0.03,,
Pat Freiermuth,TE,PIT/9,0.47,0.63,13.0,6,10|02,0.75,0.02,,
Mike Gesicki,TE,MIA/11,0.33,0.68,14.0,6,11|07,-1.1666666666666667,0.01,,
Irv Smith,TE,MIN/7,0.19,0.77,15.0,7,11|11,3.25,0.0,,
Tyler Higbee,TE,LAR/7,0.0,0.85,16.0,7,13|10,4.75,0.0,,
David Njoku,TE,CLE/9,-0.05,0.47,17.0,7,12|12,2.25,0.0,,
Noah Fant,TE,SEA/11,-0.07,0.7,18.0,7,12|08,3.9166666666666665,0.0,,
Gerald Everett,TE,LAC/8,-0.37,0.91,19.0,8,13|09,3.9166666666666665,0.0,,
Albert Okwuegbunam,TE,DEN/9,-0.46,1.18,20.0,8,12|07,-1.0,0.0,,
Robert Tonyan,TE,GB/14,-0.71,0.78,21.0,8,13|07,3.25,0.0,,
Evan Engram,TE,JAX/11,-0.74,0.87,22.0,8,14|02,2.25,0.0,,
Logan Thomas,TE,WAS/14,-1.15,0.65,23.0,9,16|07,4.916666666666667,0.0,,
Austin Hooper,TE,TEN/6,-1.16,0.88,24.0,9,14|05,4.833333333333333,0.0,,
Hayden Hurst,TE,CIN/10,-1.29,0.84,25.0,9,16|02,2.083333333333333,0.0,,
Brevin Jordan,TE,HOU/6,-1.67,0.91,26.0,10,18|07,5.166666666666667,0.0,,
Mo Alie-Cox,TE,IND/14,-1.87,0.81,27.0,10,21|03,5.083333333333333,0.0,,
Cameron Brate,TE,TB/11,-2.15,1.12,28.0,10,24|03,-7.5,0.0,,
Adam Trautman,TE,NO/14,-2.97,1.2,29.0,11,22|10,4.083333333333333,0.0,,
Jonnu Smith,TE,NE/10,-2.98,0.89,30.0,11,20|06,4.25,0.0,,
Daniel Bellinger,TE,NYG/9,-3.07,0.92,31.0,11,28|04,0.25,0.0,,
Tyler Conklin,TE,NYJ/10,-3.09,1.08,32.0,11,28|01,2.6666666666666665,0.0,,
CJ Uzomah,TE,NYJ/10,-3.24,0.95,33.0,11,23|12,0.25,0.0,,
Tommy Tremble,TE,CAR/13,-3.25,1.15,34.0,11,29|03,2.4166666666666665,0.0,,
Harrison Bryant,TE,CLE/9,-3.39,0.82,35.0,12,28|07,7.666666666666667,0.0,,
Taysom Hill,TE,NO/14,-3.52,1.88,36.0,12,33|04,-15.916666666666666,0.0,,
Isaiah Likely,TE,BAL/10,-3.54,1.73,37.0,12,30|04,5.0,0.0,,
Dan Arnold,TE,JAX/11,-3.62,0.89,38.0,12,23|07,9.333333333333334,0.0,,
Donald Parham,TE,LAC/8,-3.66,0.81,39.0,12,29|10,5.416666666666667,0.0,,
Foster Moreau,TE,LV/6,-3.67,1.17,40.0,12,31|07,-3.5,0.0,,
Greg Dulcich,TE,DEN/9,-3.69,1.21,41.0,12,27|11,3.6666666666666665,0.0,,
Rob Gronkowski,TE,/,-3.73,1.57,42.0,12,,,0.0,,
Geoff Swaim,TE,TEN/6,-3.96,0.87,43.0,13,35|09,0.8333333333333334,0.0,,
Pharaoh Brown,TE,HOU/6,-4.04,0.71,44.0,13,33|11,2.4166666666666665,0.0,,
Anthony Firkser,TE,ATL/14,-4.2,0.91,45.0,13,30|02,0.0,0.0,,
Durham Smythe,TE,MIA/11,-4.23,0.87,46.0,13,38|01,0.0,0.0,,
Will Dissly,TE,SEA/11,-4.35,1.06,47.0,13,37|01,0.0,0.0,,
Trey McBride,TE,ARI/13,-4.36,0.89,48.0,13,25|02,-1.25,0.0,,
OJ Howard,TE,BUF/7,-4.51,0.76,49.0,14,25|10,3.333333333333333,0.0,,
John Bates,TE,WAS/14,-4.6,0.69,50.0,14,31|11,0.0,0.0,,
Jelani Woods,TE,IND/14,-4.63,0.93,51.0,14,31|05,-6.25,0.0,,
Josiah Deguara,TE,GB/14,-4.68,1.01,52.0,14,32|09,-3.4166666666666665,0.0,,
James OShaughnessy,TE,CHI/14,-4.77,1.38,53.0,14,40|08,0.0,0.0,,
Jordan Akins,TE,NYG/9,-4.77,0.68,54.0,14,36|07,0.0,0.0,,
Kylen Granson,TE,IND/14,-4.91,0.98,55.0,14,32|06,0.0,0.0,,
Ian Thomas,TE,CAR/13,-4.95,0.75,56.0,14,37|03,0.0,0.0,,
Cade Otton,TE,TB/11,-5.06,1.0,57.0,15,31|02,-3.0,0.0,,
Zach Gentry,TE,PIT/9,-5.09,0.93,58.0,15,44|11,0.0,0.0,,
Marcedes Lewis,TE,GB/14,-5.15,1.02,59.0,15,43|11,0.0,0.0,,
Charlie Kolar,TE,BAL/10,-5.24,0.72,60.0,15,43|03,0.0,0.0,,
Jake Ferguson,TE,DAL/9,-5.26,0.44,61.0,15,40|11,0.0,0.0,,
Jeremy Ruckert,TE,NYJ/10,-5.47,0.87,62.0,15,37|05,0.0,0.0,,
Cooper Kupp,WR,LAR/7,9.33,1.68,1.0,1,1|06,-0.1666666666666666,0.92,,
Justin Jefferson,WR,MIN/7,7.93,1.26,2.0,2,1|04,0.1666666666666666,0.86,,
JaMarr Chase,WR,CIN/10,7.08,1.06,3.0,2,1|08,0.0833333333333333,0.8,,
Davante Adams,WR,LV/6,6.09,1.34,4.0,3,2|02,-0.25,0.75,,
Stefon Diggs,WR,BUF/7,5.53,0.9,5.0,3,1|11,0.0833333333333333,0.7,,
Deebo Samuel,WR,SF/9,5.37,1.01,6.0,3,2|09,-0.1666666666666666,0.66,,
CeeDee Lamb,WR,DAL/9,5.35,1.32,7.0,3,2|05,0.0833333333333333,0.61,,
Mike Evans,WR,TB/11,4.54,0.99,8.0,4,2|12,0.1666666666666666,0.58,,
Tyreek Hill,WR,MIA/11,4.47,0.82,9.0,4,3|01,-0.1666666666666666,0.54,,
Tee Higgins,WR,CIN/10,4.07,0.96,10.0,4,3|04,0.1666666666666666,0.51,,
Michael Pittman,WR,IND/14,3.64,0.75,11.0,5,3|05,0.5833333333333334,0.48,,
DJ Moore,WR,CAR/13,3.62,0.97,12.0,5,3|09,0.5833333333333334,0.45,,
Keenan Allen,WR,LAC/8,3.55,0.73,13.0,5,3|03,0.0,0.42,,
AJ Brown,WR,PHI/7,3.47,0.89,14.0,5,3|02,0.1666666666666666,0.39,,
Mike Williams,WR,LAC/8,3.25,0.64,15.0,5,4|02,0.75,0.36,,
Brandin Cooks,WR,HOU/6,2.96,0.84,16.0,5,4|10,1.1666666666666667,0.34,,
Jaylen Waddle,WR,MIA/11,2.63,0.83,17.0,6,4|05,-0.1666666666666666,0.31,,
Terry McLaurin,WR,WAS/14,2.51,0.82,18.0,6,4|07,0.0,0.29,,
Diontae Johnson,WR,PIT/9,2.49,0.86,19.0,6,4|03,0.1666666666666666,0.27,,
Courtland Sutton,WR,DEN/9,2.47,1.37,20.0,6,4|04,0.9166666666666666,0.25,,
DK Metcalf,WR,SEA/11,2.28,0.79,21.0,6,5|03,-0.0833333333333333,0.23,,
Amon-Ra St Brown,WR,DET/6,2.18,0.79,22.0,6,6|10,-0.6666666666666666,0.22,,
Allen Robinson,WR,LAR/7,2.11,1.09,23.0,6,5|04,0.1666666666666666,0.2,,
Marquise Brown,WR,ARI/13,1.99,1.3,24.0,7,5|08,0.1666666666666666,0.18,,
Gabriel Davis,WR,BUF/7,1.93,1.1,25.0,7,6|04,0.3333333333333333,0.17,,
Darnell Mooney,WR,CHI/14,1.93,0.95,26.0,7,5|09,1.25,0.15,,
Chris Godwin,WR,TB/11,1.77,1.29,27.0,7,6|08,0.25,0.14,,
Michael Thomas,WR,NO/14,1.75,0.84,28.0,7,5|12,0.8333333333333334,0.12,,
Adam Thielen,WR,MIN/7,1.72,0.98,29.0,7,7|08,-0.5,0.11,,
Jerry Jeudy,WR,DEN/9,1.7,1.02,30.0,7,5|10,-0.25,0.09,,
Amari Cooper,WR,CLE/9,1.63,1.14,31.0,7,6|12,-0.6666666666666666,0.08,,
JuJu Smith-Schuster,WR,KC/8,1.48,1.0,32.0,7,7|01,-0.3333333333333333,0.07,,
Hunter Renfrow,WR,LV/6,1.25,0.81,33.0,8,8|12,-1.0833333333333333,0.06,,
Rashod Bateman,WR,BAL/10,1.18,0.85,34.0,8,6|02,1.5,0.05,,
Elijah Moore,WR,NYJ/10,1.13,1.2,35.0,8,7|04,0.4166666666666667,0.04,,
Tyler Lockett,WR,SEA/11,0.99,1.09,36.0,8,9|03,-0.3333333333333333,0.03,,
Christian Kirk,WR,JAX/11,0.94,0.82,37.0,8,9|02,0.3333333333333333,0.02,,
Robert Woods,WR,TEN/6,0.72,0.99,38.0,8,9|09,0.0,0.02,,
Allen Lazard,WR,GB/14,0.69,0.89,39.0,8,8|09,0.8333333333333334,0.01,,
DeVonta Smith,WR,PHI/7,0.55,1.07,40.0,8,8|06,-0.0833333333333333,0.01,,
Drake London,WR,ATL/14,0.37,0.91,41.0,9,8|07,0.6666666666666666,0.0,,
Brandon Aiyuk,WR,SF/9,0.29,0.5,42.0,9,8|05,0.5833333333333334,0.0,,
Chase Claypool,WR,PIT/9,-0.22,0.83,43.0,9,10|07,-0.3333333333333333,0.0,,
Kadarius Toney,WR,NYG/9,-0.25,0.95,44.0,9,9|10,1.0,0.0,,
Tyler Boyd,WR,CIN/10,-0.56,0.53,45.0,10,11|02,0.75,0.0,,
Chris Olave,WR,NO/14,-0.8,1.21,46.0,10,10|04,-0.25,0.0,,
Garrett Wilson,WR,NYJ/10,-0.82,1.53,47.0,10,10|11,0.4166666666666667,0.0,,
Treylon Burks,WR,TEN/6,-0.89,2.0,48.0,10,10|06,0.5833333333333334,0.0,,
DeVante Parker,WR,NE/10,-0.91,1.14,49.0,10,12|05,1.1666666666666667,0.0,,
Jakobi Meyers,WR,NE/10,-0.92,1.11,50.0,10,11|06,2.25,0.0,,
DeAndre Hopkins,WR,ARI/13,-0.97,1.05,51.0,10,9|06,-0.4166666666666667,0.0,,
Marquez Valdes-Scantling,WR,KC/8,-0.98,1.19,52.0,10,11|09,0.6666666666666666,0.0,,
Kenny Golladay,WR,NYG/9,-1.19,1.17,53.0,10,13|03,-0.25,0.0,,
Marvin Jones,WR,JAX/11,-1.23,0.95,54.0,10,16|01,3.25,0.0,,
Russell Gage,WR,TB/11,-1.24,1.59,55.0,10,11|03,-0.0833333333333333,0.0,,
Michael Gallup,WR,DAL/9,-1.41,1.08,56.0,11,13|02,2.4166666666666665,0.0,,
DJ Chark,WR,DET/6,-1.53,1.32,57.0,11,13|05,1.0833333333333333,0.0,,
Robbie Anderson,WR,CAR/13,-1.6,0.6,58.0,11,15|01,3.9166666666666665,0.0,,
Jahan Dotson,WR,WAS/14,-1.6,1.13,59.0,11,13|12,3.333333333333333,0.0,,
Mecole Hardman,WR,KC/8,-1.67,1.79,60.0,11,15|03,-1.0833333333333333,0.0,,
Jarvis Landry,WR,NO/14,-1.69,1.07,61.0,11,12|03,0.5833333333333334,0.0,,
George Pickens,WR,PIT/9,-1.74,1.35,62.0,11,12|10,-0.5,0.0,,
KJ Osborn,WR,MIN/7,-1.88,1.14,63.0,12,15|09,3.1666666666666665,0.0,,
Rondale Moore,WR,ARI/13,-1.89,1.27,64.0,12,12|09,0.5,0.0,,
Corey Davis,WR,NYJ/10,-1.94,1.2,65.0,12,14|07,4.5,0.0,,
Nico Collins,WR,HOU/6,-1.96,1.02,66.0,12,14|04,6.583333333333333,0.0,,
Julio Jones,WR,TB/11,-2.11,1.4,67.0,12,13|08,-0.3333333333333333,0.0,,
Van Jefferson,WR,LAR/7,-2.11,0.94,68.0,12,15|11,2.4166666666666665,0.0,,
Skyy Moore,WR,KC/8,-2.14,1.52,69.0,12,10|12,1.9166666666666667,0.0,,
KJ Hamler,WR,DEN/9,-2.15,0.96,70.0,12,17|09,3.9166666666666665,0.0,,
Jalen Tolbert,WR,DAL/9,-2.3,1.59,71.0,12,17|07,-2.6666666666666665,0.0,,
Donovan Peoples-Jones,WR,CLE/9,-2.48,1.06,72.0,12,17|10,2.6666666666666665,0.0,,
Alec Pierce,WR,IND/14,-2.72,1.25,73.0,13,18|09,0.0833333333333333,0.0,,
Josh Palmer,WR,LAC/8,-2.75,1.55,74.0,13,,,0.0,,
WanDale Robinson,WR,NYG/9,-2.77,1.79,75.0,13,17|02,2.6666666666666665,0.0,,
Curtis Samuel,WR,WAS/14,-2.91,1.33,76.0,13,18|02,2.0,0.0,,
Randall Cobb,WR,GB/14,-3.07,1.49,77.0,13,22|06,3.25,0.0,,
Kendrick Bourne,WR,NE/10,-3.19,2.2,78.0,13,18|03,6.416666666666667,0.0,,
Jameson Williams,WR,DET/6,-3.23,1.66,79.0,13,15|08,-0.9166666666666666,0.0,,
Parris Campbell,WR,IND/14,-3.32,1.24,80.0,13,18|01,5.166666666666667,0.0,,
Isaiah McKenzie,WR,BUF/7,-3.43,1.72,81.0,14,19|01,-2.4166666666666665,0.0,,
Devin Duvernay,WR,BAL/10,-3.47,1.28,82.0,14,27|09,-6.0,0.0,,
Nick Westbrook-Ikhine,WR,TEN/6,-3.57,0.86,83.0,14,27|07,-1.3333333333333333,0.0,,
AJ Green,WR,ARI/13,-3.58,1.07,84.0,14,19|06,4.833333333333333,0.0,,
Zay Jones,WR,JAX/11,-3.7,1.15,85.0,14,21|05,4.166666666666667,0.0,,
Romeo Doubs,WR,GB/14,-3.73,1.82,86.0,14,20|09,-5.25,0.0,,
Byron Pringle,WR,CHI/14,-3.85,1.19,87.0,14,21|10,7.916666666666667,0.0,,
Cedrick Wilson,WR,MIA/11,-3.87,1.11,88.0,14,24|01,1.1666666666666667,0.0,,
Christian Watson,WR,GB/14,-3.93,1.91,89.0,14,16|10,-2.75,0.0,,
Bryan Edwards,WR,ATL/14,-3.96,1.62,90.0,14,23|01,3.6666666666666665,0.0,,
Sterling Shepard,WR,NYG/9,-4.05,1.83,91.0,14,20|02,6.25,0.0,,
Sammy Watkins,WR,GB/14,-4.16,1.27,92.0,14,23|02,-7.416666666666667,0.0,,
David Bell,WR,CLE/9,-4.25,1.47,93.0,15,19|02,1.8333333333333333,0.0,,
Jamison Crowder,WR,BUF/7,-4.42,1.3,94.0,15,17|12,2.0,0.0,,
Braxton Berrios,WR,NYJ/10,-4.49,1.52,95.0,15,22|09,10.416666666666666,0.0,,
Chris Conley,WR,HOU/6,-4.65,1.25,96.0,15,33|05,3.083333333333333,0.0,,
Laviska Shenault,WR,JAX/11,-4.67,1.58,97.0,15,20|07,2.9166666666666665,0.0,,
Olamide Zaccheaus,WR,ATL/14,-4.68,0.87,98.0,15,32|02,-7.083333333333333,0.0,,
Terrace Marshall,WR,CAR/13,-4.69,1.02,99.0,15,20|11,4.083333333333333,0.0,,
Nelson Agholor,WR,NE/10,-4.94,1.69,100.0,15,24|02,7.083333333333333,0.0,,
Velus Jones,WR,CHI/14,-5.09,1.47,101.0,16,27|04,-1.4166666666666667,0.0,,
Quez Watkins,WR,PHI/7,-5.28,1.33,102.0,16,26|09,5.833333333333333,0.0,,
Kyle Philips,WR,TEN/6,-5.58,1.71,103.0,16,29|01,-1.25,0.0,,
James Proche,WR,BAL/10,-5.59,1.31,104.0,16,29|08,0.8333333333333334,0.0,,
Jalen Guyton,WR,LAC/8,-5.6,0.87,105.0,16,30|01,-3.4166666666666665,0.0,,
James Washington,WR,DAL/9,-5.67,1.5,106.0,16,31|01,-3.4166666666666665,0.0,,
Jauan Jennings,WR,SF/9,-5.78,0.93,107.0,16,32|11,-3.4166666666666665,0.0,,
Dee Eskridge,WR,SEA/11,-6.04,1.69,108.0,17,33|06,2.083333333333333,0.0,,
Kalif Raymond,WR,DET/6,-6.05,1.44,109.0,17,37|02,-3.6666666666666665,0.0,,
Freddie Swain,WR,SEA/11,-6.07,1.1,110.0,17,36|08,0.0,0.0,,
Rashard Higgins,WR,CAR/13,-6.11,1.44,111.0,17,32|10,-3.9166666666666665,0.0,,
Anthony Schwartz,WR,CLE/9,-6.13,1.24,112.0,17,33|01,0.0,0.0,,
Keelan Cole,WR,LV/6,-6.14,1.43,113.0,17,35|10,0.0,0.0,,
Tyquan Thornton,WR,NE/10,-6.3,1.2,114.0,17,29|11,-5.0,0.0,,
Darius Slayton,WR,NYG/9,-6.32,1.37,115.0,17,26|06,8.166666666666666,0.0,,
Laquon Treadwell,WR,JAX/11,-6.41,1.25,116.0,17,33|02,0.0,0.0,,
Josh Reynolds,WR,DET/6,-6.51,1.68,117.0,17,25|12,2.833333333333333,0.0,,
Phillip Dorsett,WR,HOU/6,-6.58,1.64,118.0,17,36|11,0.0,0.0,,
Dez Fitzpatrick,WR,TEN/6,-6.71,1.18,119.0,18,40|01,0.0,0.0,,
Noah Brown,WR,DAL/9,-6.79,1.43,120.0,18,33|09,0.0,0.0,,
Tyron Johnson,WR,LV/6,-6.87,1.9,121.0,18,45|09,0.0,0.0,,
Amari Rodgers,WR,GB/14,-6.89,1.68,122.0,18,31|06,-4.5,0.0,,
Calvin Austin,WR,PIT/9,-6.9,1.34,123.0,18,31|08,-3.1666666666666665,0.0,,
Danny Gray,WR,SF/9,-6.9,1.0,124.0,18,30|12,-1.4166666666666667,0.0,,
Tutu Atwell,WR,LAR/7,-6.94,0.97,125.0,18,34|04,0.6666666666666666,0.0,,
Tylan Wallace,WR,BAL/10,-7.0,0.94,126.0,18,34|06,0.0,0.0,,
Olabisi Johnson,WR,MIN/7,-7.07,1.16,127.0,18,,,0.0,,
TreQuan Smith,WR,NO/14,-7.14,1.4,128.0,18,25|11,7.166666666666667,0.0,,
Tyler Johnson,WR,TB/11,-7.16,0.91,129.0,18,33|03,0.0,0.0,,
Ashton Dulin,WR,IND/14,-7.16,1.22,130.0,18,35|04,0.0,0.0,,
Zach Pascal,WR,PHI/7,-7.21,0.77,131.0,18,35|07,-4.083333333333333,0.0,,
Dyami Brown,WR,WAS/14,-7.36,0.92,132.0,19,27|01,7.75,0.0,,
David Moore,WR,CHI/14,-7.42,0.02,133.0,19,,,0.0,,
Cam Sims,WR,WAS/14,-7.47,1.01,134.0,19,44|10,-15.0,0.0,,
Damiere Byrd,WR,ATL/14,-7.49,0.72,135.0,19,44|01,0.0,0.0,,
Brandon Zylstra,WR,CAR/13,-7.56,0.68,136.0,19,43|01,0.0,0.0,,
Auden Tate,WR,/,-7.57,0.98,137.0,19,37|08,0.0,0.0,,
Mohamed Sanu,WR,MIA/11,-7.59,0.71,138.0,19,,,0.0,,
Keke Coutee,WR,IND/14,-7.75,0.7,139.0,19,45|01,0.0,0.0,,
Trent Sherfield,WR,MIA/11,-7.81,0.85,140.0,19,43|06,0.0,0.0,,
Josh Gordon,WR,KC/8,-7.83,0.52,141.0,20,44|07,-14.5,0.0,,
