,PLAYER NAME,Position,PPG_2017,PPG_2018,PPG_2019,PPG_2020,PPG_2021
0,Jacksonville Jaguars,DEF,12.4,6.8,6.4,3.4,3.8
1,Baltimore Ravens,DEF,10.9,7.9,9.6,8.8,5
2,Philadelphia Eagles,DEF,10.4,6.1,7.1,6.4,6.5
3,Los Angeles,DEF,10.1,9.3,9.1,9.4,7.1
4,Los Angeles,DEF,9.4,6.8,5.1,4.8,4.6
5,Detroit Lions,DEF,9,6.3,4.9,2.2,3.4
6,New Orleans,DEF,8.9,6.9,8.9,7.9,8.5
7,Seattle Seahawks,DEF,8.2,7.7,7.8,6.6,5.6
8,Pittsburgh Steelers,DEF,8.2,7.1,11.3,8.7,6.5
9,Carolina Panthers,DEF,7.8,5.6,5.9,6.2,5.2
10,Chicago Bears,DEF,7.8,11.9,6.4,5.8,6.2
11,Kansas City,DEF,7.4,7.8,9.3,6.8,7.7
12,Minnesota Vikings,DEF,7.3,7.8,9,3.8,7.3
13,New England,DEF,7.3,8.2,14.5,6.8,9.3
14,Arizona Cardinals,DEF,6.9,6.3,4.3,6.9,7.4
15,Tennessee Titans,DEF,6.9,7.1,8.3,3.9,7.2
16,Washington Commanders,DEF,6.8,7.5,5.9,7.9,5.4
17,Dallas Cowboys,DEF,6.6,6.1,6.2,4.9,10.9
18,Denver Broncos,DEF,6.6,7.9,6.3,4.8,7
19,Tampa Bay,DEF,6.6,4.3,8.4,7.4,8.3
20,Buffalo Bills,DEF,6.5,6.7,8.6,7.4,8.9
21,Atlanta Falcons,DEF,6.2,5,6.1,4.5,3.8
22,Cincinnati Bengals,DEF,6.1,5.3,4.2,2.8,6.4
23,Green Bay,DEF,5.8,5.8,6.9,5.9,6.9
24,Miami Dolphins,DEF,5.6,6.6,3.1,8.8,9.1
25,New York,DEF,5.5,5.3,5.4,6.4,5.1
26,Indianapolis Colts,DEF,5.4,7.4,7.9,9.1,8.1
27,Houston Texans,DEF,5.1,9.2,5.9,2.8,5.1
28,San Francisco,DEF,4.9,3.3,10.2,5.6,6.9
29,Cleveland Browns,DEF,4.6,6.3,5.7,6.1,6.1
30,New York,DEF,4.4,5.9,8.3,4.2,3.4
31,Las Vegas,DEF,4.3,2.5,4.4,2.7,3.8
32,Greg Zuerlein,K,13,11.6,8.1,9.6,8.8
33,Stephen Gostkowski,K,10.8,8.6,7.5,7.9,
34,Robbie Gould,K,10.6,8.7,8.9,7.1,8.6
35,Matt Bryant,K,10.1,8.3,6,,
36,Justin Tucker,K,10.1,10,9.6,9.1,9.5
37,Wil Lutz,K,10.1,9.4,10.2,8.4,0
38,Harrison Butker,K,12.3,9.2,10.4,8.4,8.8
39,Chris Boswell,K,9.9,6.2,7.9,7.7,9.5
40,Ryan Succop,K,9.8,7.3,3.9,9.1,8.1
41,Matt Prater,K,9.4,8.1,8.3,7.3,9.1
42,Kai Forbath,K,9.3,5.3,10.6,5,0
43,Jake Elliott,K,9.3,7.6,6.8,4.7,8.8
44,Stephen Hauschka,K,8.6,6.6,6.4,2,
45,Phil Dawson,K,8.6,3.1,,,
46,Graham Gano,K,8.2,6.8,0,8.3,7.2
47,Adam Vinatieri,K,8.3,7.9,6.7,,
48,Chandler Catanzaro,K,7.5,6.5,,,
49,Brandon McManus,K,6.8,6.6,8.2,9.1,7.6
50,Blair Walsh,K,6.8,,,,
51,Ka'imi Fairbairn,K,6.5,10.6,6.9,8.3,5.2
52,Cody Parkey,K,6.1,7.6,4.5,7.3,3
53,Randy Bullock,K,6.1,6.6,7.3,8.3,8.1
54,Giorgio Tavecchio,K,5.6,9.7,0,,
55,Josh Lambo,K,8.7,6.7,8.4,7,1.7
56,Patrick Murray,K,7.2,,,,
57,Aldrick Rosas,K,5.3,8.8,4.5,6.5,4.4
58,Mason Crosby,K,5.3,9.1,7.2,7.5,7.9
59,Dan Bailey,K,6.8,7.1,8.3,5.6,
60,Zane Gonzalez,K,4.9,5.9,8.5,8.2,8.2
61,Dustin Hopkins,K,8,7.6,6.8,8,8.6
62,Nick Rose,K,5.9,,,,
63,Connor Barth,K,5.7,,,,
64,Mike Nugent,K,6.8,8.7,6,7.5,
65,Jason Myers,K,8.8,9.4,7.3,8.6,6.1
66,Nick Novak,K,6.6,,,,
67,Nick Folk,K,7.3,,8.6,7.7,10.1
68,Travis Coons,K,9,,,,
69,Cairo Santos,K,5.2,7.4,5.6,8.7,6.8
70,Younghoe Koo,K,4.8,,11.6,11.2,7.4
71,Caleb Sturgis,K,13,6.5,0,,
72,Sam Ficken,K,5,6.5,6.2,6,
73,Marshall Koehn,K,1,,,,
74,Michael Palardy,K,0,0,0,,0
75,Kasey Redfern,K,0,,0,,
76,Brett Maher,K,,8.6,8.1,,7.8
77,Sebastian Janikowski,K,,8,0,,
78,Jason Sanders,K,,6.1,7.2,10.8,6.8
79,Daniel Carlson,K,,7.5,6.1,9.7,10.2
80,Greg Joseph,K,,5.9,3,,9.2
81,Michael Badgley,K,,7.9,7.1,7.5,7.8
82,Matt McCrane,K,,7.2,0,,
83,Matt Gay,K,,,9.1,9.4,9.4
84,Joey Slye,K,,,7.4,8.1,8.3
85,Austin Seibert,K,,,7.3,5.4,7
86,Eddy Pineiro,K,,,6.4,,7.6
87,Chase McLaughlin,K,,,8.3,5,5.8
88,Ty Long,K,,,2.3,-0.2,0
89,Kaare Vedvik,K,,,0,,
90,Ryan Santoso,K,,,0,,4.5
91,Tyler Bass,K,,,,9.8,8.4
92,Rodrigo Blankenship,K,,,,9.4,9
93,Sam Sloman,K,,,,6.9,
94,Sergio Castillo,K,,,,6,0
95,Matthew Wright,K,,,,7,6.2
96,Tristan Vizcaino,K,,,,12,4.8
97,Jonathan Brown,K,,,,4,
98,Elliott Fry,K,,,,4,5.7
99,Taylor Russolino,K,,,,1,
100,Brandon Wright,K,,,,1,
101,Evan McPherson,K,,,,,9.6
102,Riley Patterson,K,,,,,8.4
103,Matt Ammendola,K,,,,,5
104,Brian Johnson,K,,,,,5.3
105,Lirim Hajrullahu,K,,,,,5
106,Dominik Eberle,K,,,,,13
107,Chris Blewitt,K,,,,,5.5
108,Chris Naggar,K,,,,,4
109,Cameron Nizialek,K,,,,,0
110,Jake Verity,K,,,,,0
111,JJ Molson,K,,,,,0
112,Alex Kessman,K,,,,,0
113,Jose Borregales,K,,,,,0
114,Gabe Brkic,K,,,,,0
115,James McCourt,K,,,,,0
116,Caleb Shudak,K,,,,,0
117,Cade York,K,,,,,0
118,Ramiz Ahmed,K,,,,,0
119,Parker Douglass,K,,,,,0
120,Piotr Czech,K,,,,,0
121,Steven Weatherford,K,,,,,0
122,Zac Derr,K,,,,,0
123,Ricky Schmit,K,,,,,0
124,Andrew Wellock,K,,,,,0
125,Carlos Martinez,K,,,,,0
126,Garrett Rivas,K,,,,,0
127,Jason Reda,K,,,,,0
128,MacKenzie Hoambrecker,K,,,,,0
129,Mark Hickok,K,,,,,0
130,Andrew Jacas,K,,,,,0
131,Garrett Lindholm,K,,,,,0
132,Connor Hughes,K,,,,,0
133,Clint Stitser,K,,,,,0
134,Saverio Rocca,K,,,,,0
135,Russell Wilson,QB,21.7,18.7,20.8,23.3,17.8
136,Cam Newton,QB,18.7,20.2,8.9,18,11.4
137,Tom Brady,QB,18.5,17.6,17,21.9,22.7
138,Alex Smith,QB,19.7,13.8,0,10,
139,Carson Wentz,QB,21.7,17.5,17.7,17.8,15.6
140,Kirk Cousins,QB,17.4,17.7,16.7,20,19.2
141,Matthew Stafford,QB,17.1,13.3,21.4,16.9,20.4
142,Philip Rivers,QB,16.9,17.8,16,15.7,
143,Drew Brees,QB,16.4,20.3,20.8,18,
144,Dak Prescott,QB,16.3,17.9,21.8,27.8,20.7
145,Ben Roethlisberger,QB,17.4,21.3,6.9,18.5,14.3
146,Jared Goff,QB,17,19.4,16.5,16.9,14.5
147,Blake Bortles,QB,15.6,13.3,-0.2,,
148,Case Keenum,QB,15.9,13.4,10.8,0.9,5.9
149,Matt Ryan,QB,14.3,22.2,18.8,18.3,13.8
150,Tyrod Taylor,QB,14.8,10.4,0.8,4.5,14.5
151,Andy Dalton,QB,13.2,15.9,16.7,13.1,11.6
152,Marcus Mariota,QB,14,12.5,12.4,26.8,2.1
153,Derek Carr,QB,13.8,13.5,15.8,17.6,15.9
154,Jacoby Brissett,QB,12.9,-0.2,14.9,1.9,6.9
155,Josh McCown,QB,15.8,5.2,0.3,,
156,Jameis Winston,QB,15.5,17.8,21,0.6,17.2
157,Eli Manning,QB,12.5,15,14.8,,
158,Joe Flacco,QB,11.6,15.2,11.2,11.5,11.9
159,DeShone Kizer,QB,11.7,1.8,,,
160,Deshaun Watson,QB,24.1,20.7,22.2,23.5,0
161,Jay Cutler,QB,11.3,,,,
162,Mitch Trubisky,QB,11.2,18.8,14.2,16.2,1.8
163,Aaron Rodgers,QB,18.5,19.5,17.6,24.2,21.1
164,Trevor Siemian,QB,11.5,,0.1,,15.5
165,Brett Hundley,QB,11.3,,2,,
166,Carson Palmer,QB,14.6,,,,
167,C.J. Beathard,QB,12.7,12.5,0,8.7,0.8
168,Jimmy Garoppolo,QB,14.6,16,16.3,11.6,16
169,Ryan Fitzpatrick,QB,12.3,20.7,17,16.1,0.7
170,Brock Osweiler,QB,11.3,9.7,0,,
171,Brian Hoyer,QB,5.8,-0.1,5,3,2.5
172,Blaine Gabbert,QB,12.3,4.1,,3.8,0.3
173,Tom Savage,QB,6.3,,,,
174,Drew Stanton,QB,10.1,,,,
175,Matt Moore,QB,10.3,,7.1,,
176,T.J. Yates,QB,8.5,,,,
177,Nick Foles,QB,4.8,15.1,9.9,12.5,16.8
178,Kevin Hogan,QB,8.5,,,,
179,Mike Glennon,QB,8.4,5.5,1.4,13.1,6.8
180,Sam Bradford,QB,13.5,4.2,0,,
181,Bryce Petty,QB,6.4,,,,
182,David Fales,QB,9.7,,0,,
183,Paxton Lynch,QB,7.4,,,,
184,E.J. Manuel,QB,7.1,,,,
185,Nathan Peterman,QB,2.6,3.2,,1.9,0.2
186,Patrick Mahomes,QB,10.4,26.1,20.9,25.4,22
187,Ryan Mallett,QB,3.3,,,,
188,Geno Smith,QB,4.9,-0.3,0,1.1,13.8
189,Landry Jones,QB,2.9,,,,
190,Nate Sudfeld,QB,7.6,2.4,0,-0.5,0
191,Sean Mannion,QB,1.1,0,0.2,,13
192,Joe Webb,QB,0.3,0.1,0,0,
193,Cody Kessler,QB,1,6.4,,,
194,AJ McCarron,QB,0.9,0,6,0.4,
195,Matt Cassel,QB,1.2,0.9,0,,
196,Cooper Rush,QB,0.7,0,0,,6.3
197,Scott Tolzien,QB,1.3,,,,
198,Taylor Heinicke,QB,0.6,2.3,0,11.7,14.8
199,Derek Anderson,QB,0.2,3.3,,,
200,Joe Callahan,QB,0.4,,,,
201,Colt McCoy,QB,0,9.1,2.7,4.8,5.3
202,Taysom Hill,QB,0,2,5.8,9.7,10.4
203,Darius Hillary,QB,0,,,,
204,Austin Davis,QB,0,,,,
205,Chase Daniel,QB,-0.2,6,5.6,3.6,-0.2
206,Chad Henne,QB,-0.3,1.5,0,7.9,0.8
207,Jake Rudock,QB,-0.3,,,,
208,Kellen Clemens,QB,-0.1,,,,
209,Tyler Bray,QB,-2,0,,0.7,
210,Teddy Bridgewater,QB,-2.3,1.4,9.3,16.8,15
211,Andrew Luck,QB,,20.5,0,,
212,Baker Mayfield,QB,,17.1,15.6,16,13.8
213,Josh Allen,QB,,17.3,18.6,25.4,24.6
214,Sam Darnold,QB,,13,15.5,12.1,14.2
215,Lamar Jackson,QB,,9.9,28.1,22.8,21.1
216,Ryan Tannehill,QB,,13,19.2,21.9,16.6
217,Nick Mullens,QB,,15.4,-0.2,12.8,9.9
218,Josh Rosen,QB,,8.1,3.8,,-0.4
219,Jeff Driskel,QB,,9.5,15.4,10.7,0
220,Josh Johnson,QB,,12.4,,,12.1
221,Kyle Allen,QB,,13.3,13.8,11.5,4
222,Matt Barkley,QB,,17.1,3,2.1,0
223,Garrett Gilbert,QB,,1.6,-0.1,7.8,7.8
224,Joshua Dobbs,QB,,0.2,0,2.1,0
225,Robert Griffin,QB,,0.3,2.6,1.2,
226,Matt Schaub,QB,,0.2,4.8,-0.4,
227,Mark Sanchez,QB,,0.2,0,,
228,Alex Tanney,QB,,0,0,,
229,Kyle Sloter,QB,,0,,,
230,Brandon Allen,QB,,0,11.5,10.7,2.8
231,Chad Kelly,QB,,-0.1,0,,
232,Brandon Weeden,QB,,-0.1,0,,
233,Kyle Lauletta,QB,,-1.1,,,
234,Kyler Murray,QB,,,18.6,24.4,22.2
235,Gardner Minshew II,QB,,,16.8,18.3,11.5
236,Daniel Jones,QB,,,17.5,13.6,15.8
237,Mason Rudolph,QB,,,11.8,3.9,9.7
238,Dwayne Haskins,QB,,,9.3,10.7,
239,Drew Lock,QB,,,14.2,15.1,8.9
240,David Blough,QB,,,12.2,2.8,0.6
241,Devlin Hodges,QB,,,7.4,,
242,Ryan Finley,QB,,,8.9,4.2,
243,Luke Falk,QB,,,3.9,,
244,Will Grier,QB,,,2.7,,0
245,Ryan Griffin,QB,,,0.3,,0
246,Trace McSorley,QB,,,0.1,4.7,0
247,Drew Anderson,QB,,,0,,
248,James Franklin,QB,,,0,,
249,Tim Boyle,QB,,,0,-0.1,7.6
250,Jarrett Stidham,QB,,,-0.2,3.2,0
251,Justin Herbert,QB,,,,22.9,23.3
252,Joe Burrow,QB,,,,17.9,20.5
253,Tua Tagovailoa,QB,,,,14,14.7
254,Jalen Hurts,QB,,,,7.5,21.4
255,Jake Luton,QB,,,,11.4,0
256,Brett Rypien,QB,,,,5.1,0
257,John Wolford,QB,,,,13.8,-0.5
258,PJ Walker,QB,,,,3.4,3.4
259,Chris Streveler,QB,,,,1.7,1
260,Ben DiNucci,QB,,,,2.3,0
261,Tyler Huntley,QB,,,,1.5,12.4
262,Tommy Stevens,QB,,,,2.4,
263,Logan Woodside,QB,,,,0.2,-0.2
264,John Lovett,QB,,,,0.1,0
265,Easton Stick,QB,,,,0,0
266,Mike White,QB,,,,0,13
267,Mac Jones,QB,,,,,14
268,Trevor Lawrence,QB,,,,,12.7
269,Davis Mills,QB,,,,,12.8
270,Zach Wilson,QB,,,,,12.5
271,Justin Fields,QB,,,,,11.4
272,Trey Lance,QB,,,,,11.2
273,Jordan Love,QB,,,,,4
274,Jake Fromm,QB,,,,,4.6
275,Ian Book,QB,,,,,4
276,Sam Ehlinger,QB,,,,,0.3
277,Kellen Mond,QB,,,,,0.1
278,Stone Smartt,QB,,,,,0
279,Jared Bernhardt,QB,,,,,0
280,Bryce Perkins,QB,,,,,0
281,Shane Buechele,QB,,,,,0
282,Jacob Eason,QB,,,,,0
283,Desmond Ridder,QB,,,,,0
284,Reid Sinnett,QB,,,,,0
285,Jack Coan,QB,,,,,0
286,Jarrett Guarantano,QB,,,,,0
287,Kyle Trask,QB,,,,,0
288,Brock Purdy,QB,,,,,0
289,Carson Strong,QB,,,,,0
290,Sam Howell,QB,,,,,0
291,E.J. Perry,QB,,,,,0
292,Skylar Thompson,QB,,,,,0
293,Armani Rogers,QB,,,,,0
294,Malik Willis,QB,,,,,0
295,Bailey Zappe,QB,,,,,0
296,Dustin Crum,QB,,,,,0
297,Anthony Brown,QB,,,,,0
298,Matt Corral,QB,,,,,0
299,Jake Browning,QB,,,,,0
300,Kenny Pickett,QB,,,,,0
301,Chase Garbers,QB,,,,,0
302,Erik Ainge,QB,,,,,0
303,Hunter Cantwell,QB,,,,,0
304,Ben Chappell,QB,,,,,0
305,Adam Froman,QB,,,,,0
306,Keith Null,QB,,,,,0
307,Brett Ratliff,QB,,,,,0
308,Brian Brohm,QB,,,,,0
309,Danny Etling,QB,,,,,0
310,Brett Smith,QB,,,,,0
311,Kurt Benkert,QB,,,,,-0.1
312,Davis Webb,QB,,,,,-0.3
313,Feleipe Franks,QB,,,,,-0.1
314,Todd Gurley,RB,23.4,24.5,13.6,10,
315,Le'Veon Bell,RB,19.9,,12.1,6.1,4.5
316,Alvin Kamara,RB,17.1,20.9,14.9,22.4,16.2
317,Kareem Hunt,RB,16.8,19.7,9.2,12.5,12.4
318,Melvin Gordon,RB,16.2,20.9,13.3,12.2,11.3
319,Mark Ingram II,RB,15.6,11,15.3,4.5,6.8
320,LeSean McCoy,RB,14.6,7.9,8,2.1,
321,Leonard Fournette,RB,16.3,13.7,14.8,8.8,15.8
322,Carlos Hyde,RB,12.8,6.7,9.3,7.7,3.3
323,Ezekiel Elliott,RB,19,19.4,17.8,13.2,13.4
324,Christian McCaffrey,RB,11.8,20.8,25.8,27.3,15.6
325,Jordan Howard,RB,11.8,10.6,10.6,4.3,8.8
326,Devonta Freeman,RB,13,5.8,12,6.5,8.1
327,Dion Lewis,RB,11.3,8.2,3.4,3,
328,Duke Johnson Jr.,RB,11.2,6.8,8.3,6.4,11.4
329,Lamar Miller,RB,11,11.4,0,1.6,
330,C.J. Anderson,RB,10.1,5.9,2.2,,
331,Alex Collins,RB,10.6,10.1,0,6.9,5.8
332,Frank Gore,RB,9.9,6.9,5.5,6.1,
333,Tevin Coleman,RB,10.3,11.1,8.9,1.3,4.2
334,Marshawn Lynch,RB,10.3,11.9,4.7,,
335,Jerick McKinnon,RB,9.5,,,6.9,3.3
336,DeMarco Murray,RB,10.1,,,,
337,Latavius Murray,RB,9.4,7.6,8.8,8.3,7
338,Javorius Allen,RB,8.9,5.4,1,,
339,Bilal Powell,RB,8.9,7.8,2.1,,
340,Chris Thompson,RB,13.2,7.1,6.6,4.1,
341,Jamaal Williams,RB,8.1,6.3,9,8,8.2
342,Giovani Bernard,RB,8.1,6.5,3.3,8.4,4.8
343,Isaiah Crowell,RB,8.1,10,,,
344,Derrick Henry,RB,8.1,12.1,19,20.2,23
345,Orleans Darkwa,RB,8.5,,,,
346,Theo Riddick,RB,8,6.1,,1.6,
347,Kenyan Drake,RB,7.9,11.2,13.5,12,7.3
348,Joe Mixon,RB,9,15.9,13,14.9,16.7
349,Jay Ajayi,RB,8.8,10.2,0.8,,
350,Tarik Cohen,RB,7.4,12.4,7.8,4.8,0
351,Rex Burkhead,RB,11.5,5.3,6.7,9.5,6.1
352,Jonathan Stewart,RB,7.5,0.6,0,,
353,Ameer Abdullah,RB,8,0.2,2,1.6,4.1
354,James White,RB,7.6,14.6,10.9,6.6,8.4
355,LeGarrette Blount,RB,6.5,5.1,0,,
356,Matt Forte,RB,8.5,,,,
357,Samaje Perine,RB,6.1,1,0.2,3.8,4.6
358,Austin Ekeler,RB,5.8,10.7,16.4,13.8,19.3
359,Matt Breida,RB,5.8,10.6,7.2,3.1,5.6
360,Marlon Mack,RB,6.6,14.1,12.5,7.1,2
361,Wayne Gallman Jr.,RB,6.8,2.5,4.3,8.4,1.4
362,Corey Clement,RB,5.5,6.4,-1,1.2,2.4
363,Rod Smith,RB,5.5,1.8,0,,
364,JD McKissic,RB,6.2,0.2,4.2,9.5,9.7
365,Ty Montgomery,RB,10,4.5,1.6,2.4,1.6
366,Peyton Barber,RB,4.9,8.8,6.8,3.3,4.5
367,Devontae Booker,RB,5.9,4.3,0.6,4.8,7.8
368,Aaron Jones,RB,6.3,13.2,18.1,16.8,13.5
369,Chris Ivory,RB,5.3,5.5,0,,
370,Adrian Peterson,RB,7.3,11.2,8.7,7.4,6.2
371,T.J. Yeldon,RB,7.3,10.4,3.9,5.2,
372,Jalen Richard,RB,4.5,7.7,4.1,3.2,1.9
373,Doug Martin,RB,6.5,6.9,,,
374,Alfred Morris,RB,4.9,5.3,0.4,4.4,
375,Mike Gillislee,RB,7.6,0.9,0,,
376,DeAndre Washington,RB,4.5,1.1,6.5,3.7,
377,Andre Ellington,RB,5.7,,,,
378,Elijah McGuire,RB,4.2,9.6,,,0
379,Kerwynn Williams,RB,3.9,,,,
380,Shane Vereen,RB,3.9,,,,
381,Dalvin Cook,RB,15,12,19,22.6,14.6
382,Charcandrick West,RB,4.6,3.5,,,
383,Jamaal Charles,RB,4,1.2,0,,
384,Charles Sims,RB,3.5,,,,
385,DOnta Foreman,RB,5.4,9.7,,2.8,9.9
386,Kyle Juszczyk,RB,3.8,3.3,3.4,4.5,3.9
387,Damien Williams,RB,4.5,5.4,11.5,,4.4
388,Benny Cunningham,RB,3.4,0.2,,,
389,Mike Davis,RB,7.4,8,0.7,11.8,6.8
390,Mike Tolbert,RB,3.6,,,,
391,Jacquizz Rodgers,RB,2.6,4,,,
392,Danny Woodhead,RB,5.3,,,,
393,Robert Kelley,RB,5.9,0.4,,,
394,Alfred Blue,RB,3.7,5.5,,,
395,Corey Grant,RB,2.5,3,,,
396,Malcolm Brown,RB,3.7,3.1,4.2,6.1,3.5
397,Wendell Smallwood,RB,5,6.5,1.3,0,3.4
398,Chris Carson,RB,9.1,13.7,14.3,14.1,11.3
399,Kapri Bibbs,RB,11.2,4.5,,,
400,Tion Green,RB,6.2,,,,
401,Elijhaa Penny,RB,1.9,0.8,0.4,0.3,2.4
402,Travaris Cadet,RB,3.3,2.7,0,,
403,Thomas Rawls,RB,2.3,0,,,
404,Terrance West,RB,5.4,,,,
405,Tommy Bohanon,RB,1.6,0.4,,,
406,Eddie Lacy,RB,2.8,,,,
407,D.J. Foster,RB,3.4,,0,0.1,
408,Robert Turbin,RB,3.6,-0.1,0,,
409,Kenjon Barner,RB,1.5,0.9,0.9,0,0
410,Chris Johnson,RB,4.6,,,,
411,Anthony Sherman,RB,1.1,1.2,0.3,0.7,
412,Paul Perkins,RB,1.6,,1.1,,
413,C.J. Ham,RB,1.1,1,1.8,1.4,1.6
414,Stevan Ridley,RB,8.4,1.3,0,,
415,Jamize Olawale,RB,1.4,0.1,0,,
416,Cameron Artis-Payne,RB,1.2,1.8,0,,
417,Jeremy Hill,RB,2.2,3.6,0,,
418,Patrick Ricard,RB,1,0,0.9,0.9,2.1
419,Fozzy Whittaker,RB,1.3,,,,
420,Darren Sproles,RB,5,8.9,2.3,,
421,James Conner,RB,1,19.4,12.9,11.3,15.9
422,C.J. Prosise,RB,2.8,0.7,2.6,1,
423,Branden Oliver,RB,1.7,,,,
424,Terron Ward,RB,1,,,,
425,Roosevelt Nix,RB,0.9,0.4,0.5,,
426,Andy Janovich,RB,0.8,1.4,1.6,0.2,1.7
427,De'Angelo Henderson,RB,2.4,0,,,
428,Lance Dunbar,RB,2.9,,,,
429,Trey Edmunds,RB,0.7,0,1.4,0,0
430,Zach Line,RB,0.9,1.3,0.7,,
431,David Johnson,RB,10,13.9,9.5,13.6,5
432,Byron Marshall,RB,2.5,1,,,
433,Tyler Ervin,RB,2.3,0.6,0.3,2.6,
434,Aaron Ripkowski,RB,0.5,,,,
435,Zach Zenner,RB,1.1,6.7,0.5,,
436,Brian Hill,RB,1.2,1.5,5.2,5.2,0
437,Brandon Bolden,RB,0.5,1.7,3.1,,6.5
438,Tre Madden,RB,0.9,0.3,0,,
439,Akeem Hunt,RB,0.5,,,,
440,Derek Watt,RB,0.4,0.1,0.7,0,0.3
441,James Develin,RB,0.4,2.3,0.2,,
442,Dwayne Washington,RB,1.4,1.2,0.4,0.1,0.5
443,Jalston Fowler,RB,0.6,,,,
444,Matt Dayes,RB,0.4,0,,,
445,Patrick DiMarco,RB,0.4,0.5,0.5,,
446,Marcus Murphy,RB,5.8,3,,,
447,Keith Smith,RB,0.3,0.3,0.2,0.8,1
448,Jay Prosch,RB,0.3,,,,
449,Bobby Rainey,RB,1.1,,,,
450,Mack Brown,RB,1.1,,,,
451,Fitzgerald Toussaint,RB,0.7,,,,
452,De'Veon Smith,RB,0.8,,,,
453,Derrick Coleman,RB,0.2,0.2,0,,
454,Senorise Perry,RB,0.2,0,0.1,0.1,
455,Josh Ferguson,RB,0.4,,0.5,,
456,Danny Vitale,RB,0.2,0.1,0.9,,
457,Ryan Hewitt,RB,0.2,0.6,,,
458,Michael Burton,RB,0.2,0.1,0,0.4,1.3
459,Andre Williams,RB,0.3,,,,
460,David Fluellen,RB,0.1,0.2,0,,
461,Taiwan Jones,RB,0.2,0,0.5,0,0
462,Matt Jones,RB,0.3,,,,
463,LeShun Daniels,RB,0.4,,,,
464,Raheem Mostert,RB,0.1,4,9.9,11.5,2
465,Joe Kerridge,RB,0.2,,,,
466,Terrell Watson,RB,0.1,,,,
467,John Kuhn,RB,0.1,,,,
468,Justin Davis,RB,0,0.2,0,,
469,Nick Bellore,RB,0,0,0,0,0
470,Jordan Todman,RB,0,,,,
471,Cordarrelle Patterson,RB,0,0,0,0,13
472,C.J. Spiller,RB,0,,,,
473,Dare Ogunbowale,RB,0,0,3.6,1.8,3.4
474,Taquan Mizzell,RB,0,2.2,,,0
475,Shane Smith,RB,0,0,,,
476,Jarveon Williams,RB,0,,,,
477,Lawrence Thomas,RB,0,,,,
478,Alex Armah,RB,0,0.9,0.5,0.3,0.9
479,Marquez Williams,RB,0,,,,
480,Elijah Hood,RB,0,,,,
481,Jeremy McNichols,RB,0,0.4,0,2.4,4.6
482,Tani Tupou,RB,0,,,,
483,Joe Banyard,RB,0,,,,
484,Daniel Lasco,RB,0,,,,
485,Terrence Magee,RB,0,,,,
486,Darren McFadden,RB,-0.2,,,,
487,Bronson Hill,RB,-0.1,,,,
488,Devante Mays,RB,-0.1,,,,
489,Saquon Barkley,RB,,21.3,16.8,6.2,9.2
490,Phillip Lindsay,RB,,13.7,11.3,5.7,3.1
491,Nick Chubb,RB,,11.5,14.8,16.6,14.7
492,Sony Michel,RB,,10.4,9.2,8,8
493,Nyheim Hines,RB,,8.1,6,10.1,5.4
494,Kerryon Johnson,RB,,12.3,10,3.9,
495,Royce Freeman,RB,,6.7,7.5,1.9,2.5
496,Gus Edwards,RB,,8.1,5.6,7.7,0
497,Ito Smith,RB,,6,4.4,3.5,6.4
498,Josh Adams,RB,,4.9,0.4,4.2,
499,Jaylen Samuels,RB,,5.5,5.9,0.9,1.3
500,Spencer Ware,RB,,5.3,3.3,,
501,Rashaad Penny,RB,,4.7,7.1,1.1,11.9
502,Justin Jackson,RB,,4.1,3.8,6.2,5.4
503,Chase Edmonds,RB,,3.3,5.9,8.8,10.2
504,Jordan Wilkins,RB,,3.3,3.6,3.7,0
505,Kenneth Dixon,RB,,8.6,0,,
506,Trenton Cannon,RB,,2.5,0,0.5,-0.2
507,Jeff Wilson Jr.,RB,,6.4,4.1,11.3,5.3
508,Kalen Ballage,RB,,2.8,3.7,7.2,0.6
509,Ronald Jones II,RB,,1.9,9.4,12.3,4.9
510,Darrel Williams,RB,,2.4,5,2.8,10.1
511,Dontrell Hilliard,RB,,1.2,2.3,0.8,7.9
512,Keith Ford,RB,,5.8,,,
513,John Kelly,RB,,2.8,0.2,,1.3
514,Mark Walton,RB,,0.7,4.9,,
515,Detrez Newsome,RB,,0.9,0,,
516,T.J. Logan,RB,,0.7,0.3,,
517,Roc Thomas,RB,,1.2,,,
518,Mike Boone,RB,,0.7,3,0.9,2.2
519,Shaun Wilson,RB,,1,,,
520,David Williams,RB,,0.6,,,
521,De'Lance Turner,RB,,0.8,0.1,,
522,Ricky Ortiz,RB,,0.2,0.7,,
523,Jeremy Langford,RB,,2.5,0,,
524,Darius Jackson,RB,,0.4,,,
525,Brandon Wilds,RB,,0.5,,,
526,Christine Michael,RB,,0.9,0,,
527,Jonathan Williams,RB,,0.2,4.2,0.5,3.7
528,Joe Williams,RB,,0,0,,
529,Tra Carson,RB,,0,2.2,,
530,Donnie Ernsberger,RB,,0,0,,
531,Dalyn Dawkins,RB,,0,1.3,,
532,Jason Cabinda,RB,,0,0,0,0
533,Buddy Howell,RB,,0,0.1,0.5,0.2
534,Boston Scott,RB,,0,7.7,5.2,8.4
535,Godwin Igwebuike,RB,,0,,,1.1
536,Lavon Coleman,RB,,0,0,,
537,Miles Sanders,RB,,,12.1,13,8.7
538,Josh Jacobs,RB,,,14,14.3,13.3
539,David Montgomery,RB,,,9.9,15.9,12.5
540,Devin Singletary,RB,,,11.1,7.8,10.5
541,Tony Pollard,RB,,,5.4,6.7,9.5
542,Alexander Mattison,RB,,,4.9,6.2,6.9
543,Patrick Laird,RB,,,3.8,1.1,1.2
544,Benny Snell Jr.,RB,,,4.3,4.4,0.8
545,Derrius Guice,RB,,,10.8,,
546,Ty Johnson,RB,,,3,4.3,6.7
547,Justice Hill,RB,,,2.8,0.9,0
548,Ryquell Armstead,RB,,,2.8,,5.6
549,Bo Scarbrough,RB,,,7.1,3.1,
550,Qadree Ollison,RB,,,3.8,0.1,3
551,Myles Gaskin,RB,,,4,14.4,8.8
552,Darwin Thompson,RB,,,2.3,2.3,0
553,Reggie Bonnafon,RB,,,1.6,7.9,2.6
554,Travis Homer,RB,,,1.4,3.1,3.8
555,Darrell Henderson,RB,,,1.6,8.2,12.4
556,Wes Hills,RB,,,15.2,,
557,Alec Ingold,RB,,,0.9,1.5,2.8
558,Kerrith Whyte,RB,,,2.3,,
559,D'Ernest Johnson,RB,,,0.8,1.2,7.3
560,Troymaine Pope,RB,,,0.6,2.6,
561,Khari Blasingame,RB,,,1.2,0.4,0
562,Jon Hilliman,RB,,,2.2,,
563,Devine Ozigbo,RB,,,0.7,1.1,0.5
564,Nick Bawden,RB,,,0.4,,2.5
565,Damien Harris,RB,,,0.6,8.9,13.4
566,Dexter Williams,RB,,,0.3,0.3,0
567,Jakob Johnson,RB,,,0.3,0.8,0.9
568,Jordan Scarlett,RB,,,0.1,,
569,Ryan Nall,RB,,,0.1,1.1,0.3
570,Tony Brooks-James,RB,,,0.2,0.4,
571,Craig Reynolds,RB,,,0,0.6,6.3
572,Austin Walter,RB,,,0,0.9,4.5
573,Andrew Beck,RB,,,0,0,0
574,Cullen Gillaspia,RB,,,0,0.2,0
575,Chandler Cox,RB,,,0,0.2,
576,Bryce Love,RB,,,0,,
577,Trayveon Williams,RB,,,0,1.9,1.5
578,Trevon Wesco,RB,,,0,0,0
579,DuJuan Harris,RB,,,0,,
580,J.P. Holtz,RB,,,0,0,0
581,Brandin Bryant,RB,,,0,0,0
582,Jordan Chunn,RB,,,0,,
583,Jonathan Taylor,RB,,,,15.7,20.8
584,James Robinson,RB,,,,16.1,11.3
585,Antonio Gibson,RB,,,,13.2,13
586,DAndre Swift,RB,,,,12.8,13.7
587,J.K. Dobbins,RB,,,,10.6,0
588,Clyde Edwards-Helaire,RB,,,,12.2,10.7
589,Cam Akers,RB,,,,8,1.4
590,Zack Moss,RB,,,,7.3,7.2
591,Joshua Kelley,RB,,,,5,1.8
592,Salvon Ahmed,RB,,,,10.6,3
593,DeeJay Dallas,RB,,,,4,2.9
594,La'Mical Perine,RB,,,,4.7,1.6
595,AJ Dillon,RB,,,,3.6,9.9
596,Rodney Smith,RB,,,,4.6,7.3
597,JaMycal Hasty,RB,,,,3.5,3.5
598,Ke'Shawn Vaughn,RB,,,,2.1,5.8
599,Antonio Williams,RB,,,,20.8,0
600,Anthony McFarland Jr.,RB,,,,1.8,0.6
601,Gabe Nabers,RB,,,,1.1,0.6
602,Darrynton Evans,RB,,,,3,1.4
603,J.J. Taylor,RB,,,,2,3.3
604,Artavis Pierce,RB,,,,1.9,0
605,Reggie Gilliam,RB,,,,0.6,0.5
606,Jonathan Ward,RB,,,,0.5,0.9
607,Rico Dowdle,RB,,,,0.2,0
608,Jason Huntley,RB,,,,0.5,5.1
609,LeVante Bellamy,RB,,,,0.4,0
610,Scottie Phillips,RB,,,,0.3,1.1
611,Tony Jones,RB,,,,1.3,2
612,Jeremy Cox,RB,,,,0,
613,John Lovett,RB,,,,0,0
614,Johnny Stanton,RB,,,,0,2.7
615,Elijah Holyfield,RB,,,,0,0
616,Nathan Cottrell,RB,,,,0,0.1
617,Jake Bargas,RB,,,,0,
618,Sewo Olonilua,RB,,,,0,0
619,Javon Leake,RB,,,,0,
620,Michael Warren,RB,,,,0,
621,Darius Bradwell,RB,,,,0,0
622,Xavier Jones,RB,,,,0,
623,Raymond Calais,RB,,,,0,
624,Bruce Miller,RB,,,,0,
625,Adrian Killins,RB,,,,-0.5,
626,Najee Harris,RB,,,,,15.5
627,Javonte Williams,RB,,,,,10.8
628,Elijah Mitchell,RB,,,,,13
629,Michael Carter,RB,,,,,9.7
630,Chuba Hubbard,RB,,,,,7.8
631,Rhamondre Stevenson,RB,,,,,9
632,Kenneth Gainwell,RB,,,,,6.7
633,Khalil Herbert,RB,,,,,4.5
634,Derrick Gore,RB,,,,,6.5
635,Jaret Patterson,RB,,,,,3.6
636,Chris Evans,RB,,,,,4.7
637,Demetric Felton Jr.,RB,,,,,2.8
638,Ty'Son Williams,RB,,,,,4.7
639,Trey Sermon,RB,,,,,4.5
640,Eno Benjamin,RB,,,,,3.1
641,Jermar Jefferson,RB,,,,,4.7
642,Kene Nwangwu,RB,,,,,2.3
643,Patrick Taylor,RB,,,,,3.2
644,Larry Rountree III,RB,,,,,1.5
645,Deon Jackson,RB,,,,,1.8
646,JaQuan Hardy,RB,,,,,4.5
647,Adam Prentice,RB,,,,,0.7
648,Kylin Hill,RB,,,,,0.4
649,Trey Ragas,RB,,,,,2.5
650,Gary Brightwell,RB,,,,,0.2
651,Jacques Patrick,RB,,,,,1.2
652,Mekhi Sargent,RB,,,,,0.2
653,Damarea Crockett,RB,,,,,0.7
654,Jake Funk,RB,,,,,0.1
655,Max Borghi,RB,,,,,0
656,Raheem Blackshear,RB,,,,,0
657,Kennedy Brooks,RB,,,,,0
658,Sandro Platzgummer,RB,,,,,0
659,Brian Robinson Jr.,RB,,,,,0
660,Zamir White,RB,,,,,0
661,Mike Weber,RB,,,,,0
662,Sutton Smith,RB,,,,,0
663,Giovanni Ricci,RB,,,,,0
664,Pooka Williams,RB,,,,,0
665,Travis Etienne Jr.,RB,,,,,0
666,Caleb Huntley,RB,,,,,0
667,Ty Chandler,RB,,,,,0
668,Darius Anderson,RB,,,,,0
669,Ben Mason,RB,,,,,0
670,Gerrid Doaks,RB,,,,,0
671,Avery Williams,RB,,,,,0
672,Spencer Brown,RB,,,,,0
673,Tory Carter,RB,,,,,0
674,Sincere McCormick,RB,,,,,0
675,Keaontay Ingram,RB,,,,,0
676,Josh Johnson,RB,,,,,0
677,B.J. Emmons,RB,,,,,0
678,Nick Ralston,RB,,,,,0
679,Isaiah Spiller,RB,,,,,0
680,Jerrion Ealy,RB,,,,,0
681,Kyren Williams,RB,,,,,0
682,Zonovan Knight,RB,,,,,0
683,Zonovan Knight,RB,,,,,0
684,Snoop Conner,RB,,,,,0
685,Ken Walker III,RB,,,,,0
686,Kevin Harris,RB,,,,,0
687,Kevin Marks,RB,,,,,0
688,John Lovett,RB,,,,,0
689,Brittain Brown,RB,,,,,0
690,Connor Heyward,RB,,,,,0
691,ZaQuandre White,RB,,,,,0
692,Julius Chestnut,RB,,,,,0
693,Aaron Shampklin,RB,,,,,0
694,Pierre Strong Jr.,RB,,,,,0
695,Tyler Allgeier,RB,,,,,0
696,Tayon Fleet-Davis,RB,,,,,0
697,Trestan Ebner,RB,,,,,0
698,Malik Davis,RB,,,,,0
699,Leddie Brown,RB,,,,,0
700,Zander Horvath,RB,,,,,0
701,Rachaad White,RB,,,,,0
702,D'Vonte Price,RB,,,,,0
703,Tyler Badie,RB,,,,,0
704,Hassan Haskins,RB,,,,,0
705,Abram Smith,RB,,,,,0
706,Isiah Pacheco,RB,,,,,0
707,Bryant Koback,RB,,,,,0
708,Jaylen Warren,RB,,,,,0
709,De'Montre Tuggle,RB,,,,,0
710,Tyrion Davis-Price,RB,,,,,0
711,Javian Hawkins,RB,,,,,0
712,Paul Quessenberry,RB,,,,,0
713,James Cook,RB,,,,,0
714,Breece Hall,RB,,,,,0
715,Tyler Goodson,RB,,,,,0
716,Jordan Mason,RB,,,,,0
717,Jashaun Corbin,RB,,,,,0
718,Dameon Pierce,RB,,,,,0
719,Jerome Ford,RB,,,,,0
720,Shane Bannon,RB,,,,,0
721,Jay Finley,RB,,,,,0
722,Chad Spann,RB,,,,,0
723,Garrett Mills,RB,,,,,0
724,Kenny Irons,RB,,,,,0
725,Anthony Alridge,RB,,,,,0
726,Dantrell Savage,RB,,,,,0
727,Chad Simpson,RB,,,,,0
728,Samkon Gado,RB,,,,,0
729,Xavier Omon,RB,,,,,0
730,Madison Hedgecock,RB,,,,,0
731,Tim Flanders,RB,,,,,0
732,Willie Carter,RB,,,,,0
733,Brennan Clay,RB,,,,,0
734,Nate McCrary,RB,,,,,-0.1
735,Rob Gronkowski,TE,13.8,8.3,0,7.9,12
736,Travis Kelce,TE,12.8,15.2,12.9,17.4,13.6
737,Zach Ertz,TE,11.8,13.9,11.4,5.4,8.5
738,Jimmy Graham,TE,8.9,6.4,5.1,7.4,4
739,Evan Engram,TE,9.4,9.4,10.9,6.8,5.3
740,Delanie Walker,TE,8.6,7.2,6.3,,
741,Kyle Rudolph,TE,8.1,7.5,5.9,4.3,3.1
742,Jack Doyle,TE,8.6,7.9,5.6,3.8,4.3
743,Cameron Brate,TE,7.4,4.9,4.6,3.4,4
744,Jason Witten,TE,7.2,,6.8,1.6,
745,Benjamin Watson,TE,6.7,4.3,2.6,,
746,Eric Ebron,TE,6.6,11.8,6.5,7.6,3.3
747,Jared Cook,TE,6.6,10,10.4,7.3,6.8
748,Hunter Henry,TE,7.5,,10.2,8.2,8.7
749,Tyler Kroft,TE,6.5,1.1,1.3,3.6,3.5
750,Vernon Davis,TE,6.3,4.5,5.8,,
751,Austin Hooper,TE,5.9,8,11.9,7,4.9
752,Charles Clay,TE,7.1,2.1,2.6,,
753,O.J. Howard,TE,6.3,10.4,4.8,8,2.4
754,George Kittle,TE,5.7,13.4,12.9,12.6,11.6
755,David Njoku,TE,4.9,7.2,3.2,3.3,6
756,Julius Thomas,TE,5.5,,,,
757,Jesse James,TE,4.8,4.3,1.4,2,3.1
758,Austin Seferian-Jenkins,TE,5.9,4.1,,,
759,Marcedes Lewis,TE,4.7,0.3,1.8,2.2,2.5
760,Trey Burton,TE,4.6,7.5,1.7,5.3,
761,Garrett Celek,TE,4.3,1.6,0,,
762,Ed Dickson,TE,4,3.9,0,,
763,Antonio Gates,TE,4,3.8,0,,
764,Jermaine Gresham,TE,4.3,0.9,0,,
765,Seth DeValve,TE,3.8,1.2,1.7,0,
766,Nick O'Leary,TE,3.5,1.6,2,,
767,Stephen Anderson,TE,3.5,,0,0.9,2.2
768,Coby Fleener,TE,4.8,,,,
769,Tyler Higbee,TE,3,3.3,8.4,7.1,7.8
770,Rhett Ellison,TE,3,3.4,3.2,,
771,Luke Willson,TE,2.9,1.1,1.3,0.2,
772,Jordan Reed,TE,7.8,7.1,0,6,
773,Zach Miller,TE,5.7,,,,
774,A.J. Derby,TE,4.1,3.1,,,
775,Darren Fells,TE,2.8,2.2,5.8,4.1,2.1
776,Ricky Seals-Jones,TE,4.4,3.8,3.7,0,4.9
777,Gerald Everett,TE,2.7,4.4,5.5,4.5,6.3
778,Martellus Bennett,TE,4.8,,,,
779,Demetrius Harris,TE,2.3,2.7,2.8,0.5,0.3
780,Adam Shaheen,TE,2.8,2.6,1.5,2.4,1.9
781,Jonnu Smith,TE,2.3,4.1,5.5,8,3.3
782,Nick Boyle,TE,2.4,2.1,3.7,3.4,0.4
783,Lance Kendricks,TE,2.2,2,0.5,,
784,Greg Olsen,TE,4.8,7.4,7,3.8,
785,Virgil Green,TE,2,2.3,1.2,2.1,
786,Vance McDonald,TE,3.2,7.2,4.6,1.2,
787,Dion Sims,TE,2.3,0.2,0,,
788,Jeff Heuerman,TE,2.2,5.1,1.7,,
789,Ryan Griffin,TE,4.3,3,6.2,0.9,3.7
790,Richard Rodgers,TE,1.9,0.2,0,4.2,2.1
791,James O'Shaughnessy,TE,1.7,2.4,6.9,2.7,5.5
792,Brent Celek,TE,1.6,,,,
793,Troy Niklas,TE,1.6,,,,
794,Nick Vannett,TE,1.6,4,1.6,1.5,3.4
795,Levine Toilolo,TE,1.6,2.7,0.2,0.4,
796,Anthony Fasano,TE,1.4,,,,
797,Eric Tomlinson,TE,1.6,0.7,0.1,0,0.2
798,Josh Hill,TE,1.4,2,3.3,1,
799,Maxx Williams,TE,1.9,2.2,2.1,2.2,6.7
800,David Morgan,TE,1.4,0.6,0,,
801,C.J. Uzomah,TE,1.4,5.2,3.1,9.4,6.5
802,C.J. Fiedorowicz,TE,3.9,,,,
803,Dwayne Allen,TE,1.2,0.3,,,
804,Daniel Brown,TE,1.4,0,1,0.3,1.3
805,Brandon Williams,TE,1.3,,,,
806,James Hanna,TE,1.1,,,,
807,Niles Paul,TE,1.2,2.4,,,
808,Logan Thomas,TE,1.4,1.2,2,8.8,8.9
809,Michael Hoomanawanui,TE,1,,,,
810,Austin Traylor,TE,2,,,,
811,Jerell Adams,TE,0.8,,0,,
812,Clive Walford,TE,1,0,1,,
813,Phillip Supernaw,TE,0.7,,,,
814,Xavier Grimble,TE,0.8,0.6,0.3,,
815,Lee Smith,TE,0.7,1.9,0.7,1.8,1.7
816,Neal Sterling,TE,1,1.5,0,,
817,Ross Travis,TE,0.7,,1.7,0,
818,Derek Carrier,TE,0.8,1,1.6,0.1,1.2
819,Luke Stocker,TE,0.9,2.3,0.6,0.6,0.4
820,Alan Cross,TE,1,0.1,0,,
821,Ben Koyack,TE,0.5,0,0.1,,
822,Jeremy Sprinkle,TE,0.8,0.8,2.7,0.1,0.8
823,Jacob Hollister,TE,0.4,0.9,6.7,3.3,2.3
824,Sean McGrath,TE,0.4,,,,
825,Michael Roberts,TE,0.4,4.1,,,
826,Tyler Eifert,TE,3.3,7.9,5.3,4.3,
827,Orson Charles,TE,1.3,0.3,,,
828,Will Tye,TE,1.9,,,,
829,Blake Bell,TE,0.4,1.1,0.7,1,1.2
830,Ifeanyi Momah,TE,0.6,,,,
831,Randall Telfer,TE,0.3,,,,
832,Darrell Daniels,TE,0.3,0,0.1,1.6,0.1
833,Emanuel Byrd,TE,4.1,,,,
834,Antony Auclair,TE,0.4,0.5,0.2,0,3.3
835,Geoff Swaim,TE,0.2,4.8,2.2,1.9,3.4
836,MarQueis Gray,TE,0.2,,,,
837,Chris Manhertz,TE,0.2,0.8,0.1,0.5,1.6
838,Cole Hikutini,TE,0.6,,,,
839,Jeff Cumberland,TE,0.2,,,,
840,Garrett Griffin,TE,0.3,,,0,1.2
841,Ryan Malleck,TE,0.4,,,,
842,Taysom Hill,TE,0,0,0,0,0
843,Logan Paulsen,TE,0,1.3,0,,
844,Jim Dray,TE,0,,,,
845,Jordan Matthews,TE,0,0,0,0,0
846,Kelvin Benjamin,TE,0,0,0,,
847,Gavin Escobar,TE,0,,,,
848,Clark Harris,TE,0,0,0,0,0
849,John Phillips,TE,0,0.7,,,
850,Johnny Mundt,TE,0,0.1,0.3,0.5,0.5
851,Cethan Carter,TE,0,,0.6,0.5,0.3
852,Blake Jarwin,TE,0,3.9,4.4,1.7,3.4
853,Eric Saubert,TE,0,0.5,1.6,0.4,1.5
854,Lorenzo Jerome,TE,0,,,,
855,Evan Baylis,TE,0,,0,0,
856,Sean Culkin,TE,0,0.2,0.4,0,
857,Pharaoh Brown,TE,0,,0.4,2.7,2
858,Ryan O'Malley,TE,0,,,,
859,Zach Wood,TE,0,0,0,0,0
860,Mitchell Loewen,TE,0,0,0,,
861,Jason Vander,TE,0,,0,,
862,Hakeem Valles,TE,0,0.7,,,
863,Tyrone Swoopes,TE,0,2.8,0.2,,
864,Shane Smith,TE,0,0,,,
865,Kyle Nelson,TE,0,0,0,0,
866,Devin Funchess,TE,0,0,0,,0
867,MyCole Pruitt,TE,0,1.4,1.1,1.8,3.2
868,Vince Mayle,TE,0,,,,
869,Jake Fisher,TE,0,0,,,
870,Matt Lengel,TE,0,0.8,0,,
871,Khari Lee,TE,0,0.5,0,,
872,Ryan Hewitt,TE,0,0,,,
873,Beau Brinkley,TE,0,0,0,0,0
874,James Winchester,TE,0,0,0,0,0
875,Tyler Ott,TE,0,0,0,0,0
876,Kevin McDermott,TE,0,0,0,,
877,Andrew DePaola,TE,0,0,0,0,0
878,Bronson Kaufusi,TE,0,0,0,,
879,Henry Krieger-Coble,TE,0,,,,
880,Ben Braunecker,TE,0,0.4,1.4,,
881,Kyle Carter,TE,0,,,,
882,Gabe Holmes,TE,0,0,,,
883,Matt LaCosse,TE,0,2.9,2.1,,
884,Chris Herndon IV,TE,,5.9,0.6,3.6,2
885,Mark Andrews,TE,,5.6,11.7,10.1,14.6
886,Dallas Goedert,TE,,4.6,7.7,8.5,9.1
887,Ian Thomas,TE,,4,1.7,1.9,2
888,Jordan Thomas,TE,,3.5,0.2,1.1,
889,Jason Croom,TE,,2.6,0,1.7,
890,Anthony Firkser,TE,,3.2,2.2,4,3.7
891,Will Dissly,TE,,7.9,10.4,3.1,3
892,Jordan Akins,TE,,1.9,4.5,5,2.5
893,Erik Swoope,TE,,4.4,0,,
894,Mike Gesicki,TE,,1.8,6.9,8.9,7.6
895,Mo Alie-Cox,TE,,3.2,0.8,4.3,4
896,Hayden Hurst,TE,,2.4,3.9,7.6,4.3
897,Dan Arnold,TE,,2.7,4.8,5.1,5.3
898,Jordan Leggett,TE,,1.6,,,
899,Scott Simonson,TE,,1.2,0.4,,
900,Dalton Schultz,TE,,1.6,0.1,7.2,10
901,Robert Tonyan,TE,,1,1.9,9.4,5.2
902,Darren Waller,TE,,3.2,11,14.1,9.6
903,Jake Butt,TE,,4.2,0,0.3,
904,Tyler Conklin,TE,,0.6,0.6,2.2,6.3
905,Joshua Perkins,TE,,1,3.8,,
906,David Grinnage,TE,,2.3,0,,
907,Durham Smythe,TE,,0.5,0.6,3.1,3.3
908,Rico Gathers,TE,,0.4,,,
909,Brian Parker,TE,,0.4,0,,
910,Jordan Franks,TE,,0.8,0,,0
911,Ross Dwelley,TE,,0.2,1.8,2.5,3.3
912,Matt Flanagan,TE,,0.6,,,
913,Garrett Dickerson,TE,,0,0,,
914,Deon Yelder,TE,,0,0.7,0.5,0.3
915,Cole Wick,TE,,0,0,,
916,Mason Schreck,TE,,0,0,0,0
917,Temarrick Hemingway,TE,,0,,0.2,
918,Alex Ellis,TE,,0,0,,
919,James Looney,TE,,0,0,,
920,Donnie Ernsberger,TE,,0,0,,
921,Jeff Driskel,TE,,0,0,0,0
922,Jerome Cunningham,TE,,0,0,,
923,Patrick Scales,TE,,0,0,0,0
924,Noah Fant,TE,,,5.7,7.9,7.8
925,Dawson Knox,TE,,,4.4,4.6,9.3
926,TJ Hockenson,TE,,,5.4,8.9,9.6
927,Irv Smith Jr.,TE,,,3.8,6.4,0
928,Kaden Smith,TE,,,6.7,1.3,1.2
929,Foster Moreau,TE,,,4.5,1.8,4.7
930,Jaeden Graham,TE,,,1.6,0.3,0
931,Ryan Izzo,TE,,,3.4,2,
932,Hale Hentges,TE,,,1.8,0,
933,Andrew Beck,TE,,,1.3,0,0
934,Jesper Horsted,TE,,,2.8,,3.8
935,Tommy Sweeney,TE,,,2.6,,2.1
936,Stephen Carlson,TE,,,1.5,0.2,
937,Troy Fumagalli,TE,,,1.2,2.3,0
938,J.P. Holtz,TE,,,0.8,0,0
939,Trevon Wesco,TE,,,0.4,0.1,0.6
940,Drew Sample,TE,,,0.6,3.7,1.4
941,Tanner Hudson,TE,,,0.4,0.5,
942,Codey McElroy,TE,,,3.5,,0
943,Josh Oliver,TE,,,0.8,,1
944,Isaac Nauta,TE,,,0.4,0.1,
945,Charles Jones,TE,,,0.3,,
946,Zach Gentry,TE,,,0.2,0,2.6
947,Jace Sternberger,TE,,,0,2,0
948,Carson Meier,TE,,,0,,
949,Kendall Blanton,TE,,,0,,1.4
950,J.J. Arcega-Whiteside,TE,,,0,0,0
951,Brandon Dillon,TE,,,0,0.4,
952,Matthew Orzech,TE,,,0,,0
953,Harrison Bryant,TE,,,,3.3,3.5
954,Cole Kmet,TE,,,,3,5.4
955,Donald Parham Jr.,TE,,,,3,3.5
956,Adam Trautman,TE,,,,2,4.5
957,Albert Okwuegbunam,TE,,,,5.9,4.3
958,Devin Asiasi,TE,,,,1.4,0
959,Dominique Dafney,TE,,,,1.9,0.7
960,Nick Keizer,TE,,,,0.5,
961,Colin Thompson,TE,,,,0.5,0
962,Juwan Johnson,TE,,,,0.8,3.6
963,Charlie Woerner,TE,,,,0.4,1
964,Kahale Warring,TE,,,,0.7,
965,Hunter Bryant,TE,,,,1,
966,Ben Ellefson,TE,,,,0.5,0
967,Dalton Keene,TE,,,,0.5,
968,Colby Parkinson,TE,,,,0.4,1
969,Josiah Deguara,TE,,,,0.9,3.5
970,Marcus Baugh,TE,,,,0.1,
971,Bruce Miller,TE,,,,0.1,
972,Jake Bargas,TE,,,,0,
973,Farrod Green,TE,,,,0,0
974,Kevin Rader,TE,,,,0,0.6
975,Matt Sokol,TE,,,,0,0
976,Chris Myarick,TE,,,,0,1.8
977,Brycen Hopkins,TE,,,,0,1.4
978,John Lovett,TE,,,,0,0
979,Nate Becker,TE,,,,0,0
980,Daniel Helm,TE,,,,0,0.1
981,Lawrence Cager,TE,,,,0,0
982,Sean McKeon,TE,,,,0,2.1
983,Tyler Davis,TE,,,,0,0.7
984,Tommy Stevens,TE,,,,0,
985,Reggie Gilliam,TE,,,,0,0
986,Rashod Berry,TE,,,,0,0
987,Caleb Wilson,TE,,,,0,
988,Noah Togiai,TE,,,,0,0
989,Antonio Gandy-Golden,TE,,,,0,0
990,Hakeem Butler,TE,,,,0,
991,Stephen Sullivan,TE,,,,0,0
992,Kyle Pitts,TE,,,,,8.4
993,Pat Freiermuth,TE,,,,,7.6
994,Brevin Jordan,TE,,,,,5.7
995,Tommy Tremble,TE,,,,,2.9
996,John Bates,TE,,,,,3.1
997,Brock Wright,TE,,,,,3.7
998,Kylen Granson,TE,,,,,1.6
999,Noah Gray,TE,,,,,1.9
1000,Tyree Jackson,TE,,,,,3.2
1001,Luke Farrell,TE,,,,,1
1002,Tre' McKitty,TE,,,,,1.3
1003,Parker Hesse,TE,,,,,1.7
1004,Shane Zylstra,TE,,,,,1.6
1005,Kenny Yeboah,TE,,,,,1.5
1006,Tommy Hudson,TE,,,,,1.2
1007,Jack Stoll,TE,,,,,0.7
1008,Mitchell Wilcox,TE,,,,,0.8
1009,Ethan Wolf,TE,,,,,1.8
1010,Hunter Long,TE,,,,,0.4
1011,Jody Fortson,TE,,,,,0
1012,Nick Bowers,TE,,,,,0
1013,Sage Surratt,TE,,,,,0
1014,Jared Pinkney,TE,,,,,0
1015,Alize Mack,TE,,,,,0
1016,Tyler Mabry,TE,,,,,0
1017,Giovanni Ricci,TE,,,,,0
1018,Eli Wolf,TE,,,,,0
1019,Nakia Griffin-Stewart,TE,,,,,0
1020,Chase Allen,TE,,,,,0
1021,Thaddeus Moss,TE,,,,,0
1022,Austin Allen,TE,,,,,0
1023,Michael Jacobson,TE,,,,,0
1024,Cole Turner,TE,,,,,0
1025,Jeremy Ruckert,TE,,,,,0
1026,Isaiah Likely,TE,,,,,0
1027,Sal Cannella,TE,,,,,0
1028,Jelani Woods,TE,,,,,0
1029,Derrick Deese,TE,,,,,0
1030,Chigoziem Okonkwo,TE,,,,,0
1031,Nikola Kalinic,TE,,,,,0
1032,Grant Calcaterra,TE,,,,,0
1033,John FitzPatrick,TE,,,,,0
1034,Tanner Conner,TE,,,,,0
1035,Jalen Wydermyer,TE,,,,,0
1036,Greg Dulcich,TE,,,,,0
1037,James Mitchell,TE,,,,,0
1038,Cade Otton,TE,,,,,0
1039,Sammis Reyes,TE,,,,,0
1040,Jacob Harris,TE,,,,,0
1041,Ben Mason,TE,,,,,0
1042,Briley Moore,TE,,,,,0
1043,Noah Grey,TE,,,,,0
1044,Nick Ralston,TE,,,,,0
1045,Hunter Kampmoyer,TE,,,,,0
1046,Zach Davidson,TE,,,,,0
1047,John Raine,TE,,,,,0
1048,Bernhard Seikovits,TE,,,,,0
1049,Nick Guggemos,TE,,,,,0
1050,Jake Hausmann,TE,,,,,0
1051,Teagan Quitoriano,TE,,,,,0
1052,Gerrit Prince,TE,,,,,0
1053,Zaire Mitchell-Paden,TE,,,,,0
1054,Cade Brewer,TE,,,,,0
1055,Kehinde Oginni,TE,,,,,0
1056,Jake Tonges,TE,,,,,0
1057,Roger Carter,TE,,,,,0
1058,Dylan Parham,TE,,,,,0
1059,Andre Miller,TE,,,,,0
1060,Justin Rigg,TE,,,,,0
1061,Leroy Watson,TE,,,,,0
1062,Cole Fotheringham,TE,,,,,0
1063,JJ Howland,TE,,,,,0
1064,Daniel Bellinger,TE,,,,,0
1065,Nick Muse,TE,,,,,0
1066,Lucas Krull,TE,,,,,0
1067,Armani Rogers,TE,,,,,0
1068,Chris Pierce,TE,,,,,0
1069,Andrew Ogletree,TE,,,,,0
1070,Connor Heyward,TE,,,,,0
1071,Ko Kieft,TE,,,,,0
1072,Seth Green,TE,,,,,0
1073,Josh Babicz,TE,,,,,0
1074,Erik Krommenhoek,TE,,,,,0
1075,Stone Smartt,TE,,,,,0
1076,Curtis Hodges,TE,,,,,0
1077,Matt Bushman,TE,,,,,0
1078,Trey McBride,TE,,,,,0
1079,Peyton Hendershot,TE,,,,,0
1080,Tony Poljan,TE,,,,,0
1081,Miller Forristall,TE,,,,,0
1082,Paul Quessenberry,TE,,,,,0
1083,Jake Ferguson,TE,,,,,0
1084,Charlie Kolar,TE,,,,,0
1085,Quintin Morris,TE,,,,,0
1086,Nick Eubanks,TE,,,,,0
1087,Dominique Curry,TE,,,,,0
1088,James Dearth,TE,,,,,0
1089,Marquez Branson,TE,,,,,0
1090,Drake Dunsmore,TE,,,,,0
1091,Darnell Dinkins,TE,,,,,0
1092,Derek Fine,TE,,,,,0
1093,J.P. Foschi,TE,,,,,0
1094,Brad Cottam,TE,,,,,0
1095,Justin Snow,TE,,,,,0
1096,Joey Haynos,TE,,,,,0
1097,Keith Zinger,TE,,,,,0
1098,David Wells,TE,,,,,0
1099,Thomas Odukoya,TE,,,,,0
1100,DeAndre Hopkins,WR,17.5,17.3,14.5,14.4,12.6
1101,Antonio Brown,WR,18.6,18.1,14.1,11.8,14.3
1102,Keenan Allen,WR,14.2,13.2,13.1,13.9,12.8
1103,Julio Jones,WR,13,16.8,15,13.4,6.5
1104,Larry Fitzgerald,WR,12.9,9.5,8.7,5.7,
1105,Michael Thomas,WR,12.9,15.8,18.8,9.1,0
1106,Jarvis Landry,WR,12.8,11,12.2,10.1,8.9
1107,Tyreek Hill,WR,13.4,17.8,13.3,19,14.2
1108,Marvin Jones,WR,12.2,10.9,12.5,11.9,8.5
1109,Adam Thielen,WR,12.1,15.7,9.9,14.5,12.8
1110,A.J. Green,WR,11.8,14,0,5.5,8.1
1111,Brandin Cooks,WR,11.8,12.7,6.9,12.8,11.7
1112,Doug Baldwin,WR,11.6,9,0,,
1113,Davante Adams,WR,13.3,18.3,14.3,21.5,17.7
1114,Golden Tate,WR,11.2,9.7,11.6,5.8,
1115,Robbie Anderson,WR,10.5,9.4,8.5,11,6.6
1116,Mike Evans,WR,11.2,15.1,15.3,13.4,14.1
1117,Alshon Jeffery,WR,10.5,11.8,10.1,2.9,
1118,Stefon Diggs,WR,11.9,14.4,12,16.6,13.8
1119,Demaryius Thomas,WR,10.3,8.5,6.1,,
1120,Devin Funchess,WR,10.2,7.2,4.7,,0
1121,JuJu Smith-Schuster,WR,11.6,15.1,7.7,11.6,5.5
1122,Nelson Agholor,WR,9.8,8.3,6.8,10.1,5.7
1123,Dez Bryant,WR,9.5,,,3.3,
1124,T.Y. Hilton,WR,9.2,14.4,10.3,9.1,6.3
1125,Cooper Kupp,WR,9.7,14.4,14,10.8,21.6
1126,Kenny Stills,WR,9.1,7.7,7.7,2.6,2.3
1127,Jermaine Kearse,WR,9,4.4,,,
1128,Michael Crabtree,WR,10.2,6.6,1.4,,
1129,Mohamed Sanu,WR,9.4,9.3,6.3,3.6,3.2
1130,Marquise Goodwin,WR,8.8,6.9,3.6,,3.4
1131,Robert Woods,WR,11.3,13.9,12.5,12.5,12.7
1132,Amari Cooper,WR,9.6,11.9,12.9,11.9,11.2
1133,Ted Ginn,WR,8.9,8.8,4.4,1.1,
1134,Rishard Matthews,WR,9.3,0.6,,,
1135,Paul Richardson,WR,8,7,5.1,,
1136,Jamison Crowder,WR,8.5,7.6,9.9,11.9,7
1137,Sammy Watkins,WR,8.5,9.5,8,7,5.2
1138,Randall Cobb,WR,8.4,7.5,8.5,8.1,7.2
1139,Mike Wallace,WR,8.3,0,0,,
1140,Marqise Lee,WR,8.6,,0.6,,
1141,Tyrell Williams,WR,7.3,7.3,8.7,,2.4
1142,Sterling Shepard,WR,10.5,9.3,11.3,10.8,8.5
1143,DeSean Jackson,WR,8.1,10.9,10.8,7.6,4.7
1144,Keelan Cole Sr.,WR,7,4.4,4.2,8,4.6
1145,Kelvin Benjamin,WR,7.9,3.8,0,,
1146,Jordy Nelson,WR,7.4,8.3,0,,
1147,Danny Amendola,WR,7.2,6.5,7.3,6,7.1
1148,Martavis Bryant,WR,7.2,4.6,0,,
1149,Travis Benjamin,WR,6.7,2.9,1.2,,-0.4
1150,Ryan Grant,WR,6.5,4.1,1.7,,
1151,Josh Doctson,WR,6.4,5.8,0,,
1152,DeVante Parker,WR,7.8,4.4,13.1,9.6,8.4
1153,William Fuller V,WR,9.9,12.9,10,14.8,3.3
1154,Brandon LaFell,WR,6.2,5.3,0,,
1155,Adam Humphries,WR,6.1,9.4,5.7,6.6,3.5
1156,Kendall Wright,WR,6.1,,,,
1157,Tyler Lockett,WR,6,12.1,12.1,13.5,12.8
1158,Albert Wilson,WR,7.3,12,5.2,,3.6
1159,Chris Hogan,WR,10.3,5.5,1.5,3.8,2.4
1160,Emmanuel Sanders,WR,7.6,13.6,9.3,9.6,7.9
1161,Eric Decker,WR,5.6,,,,
1162,Jaron Brown,WR,5.5,3.4,2.9,,
1163,Deonte Thompson,WR,5.4,1.9,0,,
1164,Terrance Williams,WR,5.3,0.9,0,,
1165,Jeremy Maclin,WR,6.8,,,,
1166,Kenny Golladay,WR,7.3,11.5,13.5,11.2,5
1167,Allen Hurns,WR,8,3.2,4.8,,0
1168,J.J. Nelson,WR,4.9,0.7,5.8,,
1169,Chris Godwin,WR,4.7,9.7,16.7,13.2,13.8
1170,Trent Taylor,WR,5,3,,1.1,1.3
1171,Cole Beasley,WR,4.9,7.4,10.1,11.1,7.4
1172,Torrey Smith,WR,4.5,3.8,0,,
1173,Roger Lewis,WR,4.8,,,,
1174,Pierre Garcon,WR,8.8,5.8,0,,
1175,Seth Roberts,WR,4.6,5.6,3.1,0.7,
1176,Bennie Fowler,WR,4.2,3.4,4.4,0.4,
1177,Taylor Gabriel,WR,4.1,7.4,8.4,,
1178,Donte Moncrief,WR,5.3,6.7,0.5,0.4,
1179,TJ Jones,WR,4.5,2.7,3.8,,
1180,Brandon Coleman,WR,3.9,,,,
1181,Odell Beckham Jr.,WR,15.4,16,10.3,10.8,7.7
1182,Bruce Ellington,WR,5.6,6.3,,,
1183,John Brown,WR,5.9,7.7,12.3,8.9,0
1184,Brice Butler,WR,4.4,1.9,,,
1185,Zay Jones,WR,3.8,8.6,2.4,1.9,5.5
1186,Josh Bellamy,WR,3.7,1.7,0.4,,
1187,Rashard Higgins,WR,3.7,7.6,1.4,7.9,3.8
1188,Corey Coleman,WR,6,1.3,0,,0
1189,Dede Westbrook,WR,7.6,8.8,8.2,-0.6,0.8
1190,Dontrelle Inman,WR,4.4,6.9,3.4,3.7,
1191,Corey Davis,WR,4.8,9.4,6.2,11.4,9.8
1192,Cody Latimer,WR,4.7,5.1,3.6,,
1193,Tavarres King,WR,6.4,,,,
1194,Chris Moore,WR,3.9,2.3,0.3,0,4.5
1195,Justin Hardy,WR,3.1,2,1.8,,
1196,Ricardo Louis,WR,3.1,,,,
1197,Josh Gordon,WR,9.7,9.9,5.6,,1.3
1198,Kenny Britt,WR,4,,,,
1199,Aldrick Robinson,WR,3,4.4,,,
1200,Chester Rogers,WR,4.2,5.7,3.1,,3.1
1201,Tyler Boyd,WR,4.6,13.1,11.1,10.2,9.4
1202,Jordan Matthews,WR,4.5,3.7,1.8,0,0
1203,Taywan Taylor,WR,2.6,5.3,0,0,
1204,Jarius Wright,WR,2.6,4.8,2.7,,
1205,Johnny Holton,WR,2.5,0,0.3,0,
1206,Terrelle Pryor,WR,4.4,5.6,,,
1207,Jakeem Grant,WR,2.4,5,3.6,5,2.3
1208,Michael Campanaro,WR,2.8,,,,
1209,Russell Shepard,WR,2.4,3,1.3,,
1210,Mack Hollins,WR,2.3,,1.1,1.9,3.3
1211,Andre Holmes,WR,2.6,1.5,0,,
1212,Tavon Austin,WR,2.3,5.1,2.9,0.6,3.3
1213,Geronimo Allison,WR,2.3,10.5,3.7,,0
1214,Jeremy Kerley,WR,4.3,1.7,0,,
1215,Kendrick Bourne,WR,3.1,5.9,5.2,7,9
1216,De'Anthony Thomas,WR,2.1,2.2,0.1,,
1217,Braxton Miller,WR,2.9,,,,
1218,Demarcus Robinson,WR,2,4,5.3,5.7,3.8
1219,Laquon Treadwell,WR,1.9,3.6,2.1,4,5.5
1220,Alex Erickson,WR,1.9,1.7,4.7,1,0.4
1221,Damiere Byrd,WR,3.6,0.2,5.1,5.7,4.7
1222,Eli Rogers,WR,2,5.2,0,,
1223,Phillip Dorsett II,WR,1.7,4.1,6.2,,2.9
1224,Curtis Samuel,WR,2.8,9,9,11.6,1.4
1225,Brandon Marshall,WR,4.9,3.6,0,,
1226,Chris Conley,WR,4.6,4.7,8.3,5.1,3.8
1227,Louis Murphy,WR,3.2,,,,
1228,Tommylee Lewis,WR,1.5,1.8,,0.5,0.6
1229,Josh Reynolds,WR,1.4,5.3,3.2,6.1,6
1230,Kamar Aiken,WR,1.4,1.7,0,,
1231,Jordan Taylor,WR,2.1,,,,
1232,Jaydon Mickens,WR,1.9,0,0,0.9,0.2
1233,Tre McBride,WR,2.3,,,,
1234,Brandon Tate,WR,1.3,0,0,,
1235,Brenton Bersin,WR,2.1,,,,
1236,Josh Malone,WR,1.4,0.2,0,1.2,
1237,Mike Williams,WR,1.5,9.9,9.1,8.6,13
1238,Darrius Heyward-Bey,WR,0.9,0.1,0,,
1239,Maurice Harris,WR,2.4,3.8,,,
1240,Travis Rudolph,WR,2,,,,
1241,Chad Hansen,WR,0.9,,,7.6,
1242,ArDarius Stewart,WR,0.9,,,,
1243,Hunter Sharp,WR,4.6,,,,
1244,Marvin Hall,WR,1.6,1.6,4,4.3,1.5
1245,Kasen Williams,WR,1.8,,,,
1246,Michael Floyd,WR,1.2,1.8,,,
1247,Breshad Perriman,WR,1.2,5.4,8.6,7,5.6
1248,Pharoh Cooper,WR,0.8,0,3.3,0.6,0.7
1249,Kaelin Clay,WR,0.9,-1,0,,
1250,Freddie Martino,WR,1.5,0,0,,
1251,Mike Thomas,WR,1.5,0,0.2,1.7,1.1
1252,Jaelen Strong,WR,5.7,,,,
1253,Willie Snead,WR,1,6.5,5,6,0.8
1254,Amara Darboh,WR,0.7,,,,
1255,Chris Thompson,WR,0.8,,,,
1256,Trevor Davis,WR,0.7,0,1.7,,
1257,Brian Quick,WR,1,0.6,0,,
1258,Leonte Carroo,WR,0.7,2,0,,
1259,Justin Hunter,WR,1.5,0.7,0,,
1260,Sammie Coates,WR,0.8,0.1,,,
1261,Tanner McEvoy,WR,0.7,0,,,
1262,Brittan Golden,WR,0.7,,,,
1263,Bobo Wilson,WR,3,1.4,0.5,,
1264,Bryce Treggs,WR,1.5,,,,
1265,Chad Williams,WR,1.3,3.3,0,,
1266,Markus Wheaton,WR,0.6,0,0,,
1267,Vince Mayle,WR,0.4,,,,
1268,Michael Clark,WR,3.1,,,,
1269,Jared Abbrederis,WR,0.8,,,,
1270,Ryan Switzer,WR,0.4,3.2,0.7,,0
1271,Quan Bray,WR,0.6,,,,
1272,Noah Brown,WR,0.4,1,0,1.4,2.6
1273,Marcus Johnson,WR,0.5,3.8,5.4,3,2.9
1274,Tanner Gentry,WR,1.3,,,,0
1275,Bernard Reedy,WR,0.4,,,,
1276,Nick Williams,WR,4.5,0.7,,,
1277,JoJo Natson,WR,0.6,-0.2,0,0.1,0
1278,Griff Whalen,WR,2.2,,,,
1279,Chris Matthews,WR,0.7,,,,
1280,Jamal Agnew,WR,0.3,0.3,0.9,1.6,5.3
1281,Jordan Leslie,WR,1.6,,,,
1282,DeAndrew White,WR,1.5,,0.7,,
1283,Jehu Chesson,WR,0.2,0.1,0,,
1284,Darius Powe,WR,2.3,,,,
1285,Jeff Janis,WR,0.1,,,,
1286,Allen Robinson II,WR,2.2,9.7,12.9,13.2,5.7
1287,Shelton Gibson,WR,0.4,0.4,,,
1288,Arrelious Benn,WR,0.2,,,,
1289,Kevin White,WR,1.6,1.2,,0,1.1
1290,Cobi Hamilton,WR,0.4,,,,
1291,Harry Douglas,WR,0.7,,,,
1292,Isaiah McKenzie,WR,0.1,5.4,3.3,5.3,2.8
1293,Larry Pinkard,WR,0.3,,,,
1294,Eric Weems,WR,0.1,,,,
1295,Max McCaffrey,WR,0.2,,0,,
1296,Charone Peake,WR,0.3,0.3,0,,
1297,Matt Hazel,WR,0.2,,,,
1298,Anthony Johnson,WR,0,,,,
1299,Ryan Davis,WR,0,,,,
1300,James Wright,WR,0,,,,
1301,Matthew Slater,WR,0,0,0,0,0
1302,Dwayne Harris,WR,0,0.5,0.4,-0.7,
1303,Justin Hardee,WR,0,0.1,0,0,0
1304,David Moore,WR,0,5.5,3.4,6.3,0
1305,Brendan Langley,WR,0,0,,,
1306,Isaac Whitney,WR,0,,,,
1307,Marcus Kemp,WR,0,0.1,0,0.2,0.3
1308,Quincy Adeboyejo,WR,0,,,,
1309,Austin Carr,WR,0,1.9,0.2,1.7,
1310,Marquis Bundy,WR,0,,,,
1311,Jace Billingsley,WR,0,,,,
1312,Andy Jones,WR,0,2.4,0,,
1313,Ed Eagan,WR,0,,,,
1314,K.J. Brent,WR,0,,,,
1315,Mose Frazier,WR,0,0,0,,
1316,Stacy Coley,WR,0,0,,,
1317,Krishawn Hogan,WR,0,,0.1,,
1318,Robert Davis,WR,0,,0.5,,
1319,Victor Bolden,WR,0,0.3,0,,0
1320,Lance Lenoir,WR,0,0,0,,
1321,Ty Montgomery,WR,0,0,0,0,0
1322,Geremy Davis,WR,0,0,0.7,,
1323,Cody Core,WR,0,2.2,0.3,,
1324,Rashawn Scott,WR,0,,,,
1325,Bradley Marquez,WR,0,0,0,,
1326,Andre Roberts,WR,0,1.2,0.3,0.1,0.5
1327,Kalif Raymond,WR,0,,3.1,1.5,6.8
1328,John Ross,WR,-0.3,5.7,10.1,0.9,3.9
1329,Calvin Ridley,WR,,10.9,12.7,15.8,11.1
1330,Julian Edelman,WR,,14.2,12.9,7.6,
1331,DJ Moore,WR,,8.1,12.5,11.9,11.2
1332,Courtland Sutton,WR,,7.2,11.7,8.1,7.1
1333,Antonio Callaway,WR,,6.9,2.6,0.6,
1334,Anthony Miller,WR,,6.9,6.3,5.3,3.8
1335,Christian Kirk,WR,,8.5,10.3,8.7,9.9
1336,Marquez Valdes-Scantling,WR,,5.8,4.4,7.6,6.7
1337,Dante Pettis,WR,,7.5,2.6,1.9,6.8
1338,Tre'Quan Smith,WR,,5.8,5.7,6.2,7.2
1339,Robert Foster,WR,,6.6,0.8,1.2,0
1340,Michael Gallup,WR,,5.1,12.8,9,8.2
1341,Quincy Enunwa,WR,,6.2,-1.9,,
1342,Tajae Sharpe,WR,,3.6,4.6,0,2.5
1343,Zach Pascal,WR,,3.3,7.2,7.2,4.7
1344,DaeSean Hamilton,WR,,3.7,3.1,3.2,
1345,Tim Patrick,WR,,3,3.7,9,8.1
1346,Keke Coutee,WR,,8.1,4.2,8.8,1
1347,Equanimeous St. Brown,WR,,3.7,0,1.8,1.3
1348,Keith Kirkwood,WR,,4.9,0,1.8,1.1
1349,Trent Sherfield,WR,,2.8,0.6,0.5,1.6
1350,James Washington,WR,,2.6,7.4,5.3,3.6
1351,DeAndre Carter,WR,,2.2,1.2,-0.1,4.4
1352,Marcell Ateman,WR,,4.1,1,,
1353,DJ Chark,WR,,2,12.6,9.8,10.3
1354,Richie James,WR,,1.7,1.5,4.8,0
1355,Damion Ratley,WR,,1.6,2.5,1.7,0
1356,Jake Kumerow,WR,,4.1,2.4,1.5,0.5
1357,Cameron Meredith,WR,,3.3,,,
1358,Deontay Burnett,WR,,3.9,2.9,1.7,
1359,Brandon Powell,WR,,3.1,,1.6,1
1360,Trey Quinn,WR,,6,3.2,0,
1361,Vyncint Smith,WR,,2.5,2.9,0.3,0
1362,Darius Jennings,WR,,1,0.3,,
1363,Cameron Batson,WR,,1.1,,2,2.5
1364,Russell Gage,WR,,0.6,4.6,9.1,10
1365,Derrick Willies,WR,,1.5,0,0,
1366,Rashad Greene,WR,,0.9,0,,
1367,Jawill Davis,WR,,0.9,,,
1368,Chad Beebe,WR,,2,2.7,2.9,
1369,Auden Tate,WR,,0.8,6.3,2.4,2.9
1370,Javon Wims,WR,,1.3,2.1,1.1,0
1371,Jalen Tolliver,WR,,1.7,,,
1372,Ray-Ray McCloud,WR,,0.5,-0.3,1.4,2.9
1373,Malik Turner,WR,,0.5,2.5,0,5.6
1374,River Cracraft,WR,,0.4,0,0.8,0
1375,Brandon Zylstra,WR,,0.2,1.8,0.3,3.3
1376,KhaDarel Hodge,WR,,0.2,0.6,2.6,2
1377,Gehrig Dieter,WR,,0.7,0,0.4,
1378,Tim White,WR,,0.6,,,
1379,Cam Phillips,WR,,0.7,0,,
1380,Keon Hatcher,WR,,0.4,0,,
1381,Darvin Kidsy,WR,,0.7,0,,
1382,Allen Lazard,WR,,1.2,5.3,8.1,8.8
1383,Justin Watson,WR,,0.1,2.2,1.2,0
1384,J'Mon Moore,WR,,0,0,,
1385,Janarion Grant,WR,,0,0,,
1386,Cam Sims,WR,,0,0.5,4.4,3.4
1387,Saeed Blacknall,WR,,0,0,,
1388,Rico Gafford,WR,,0,0,0,0
1389,Steven Mitchell,WR,,0,1.2,1.4,
1390,Isaiah Ford,WR,,0,4.1,4.2,3.8
1391,Malachi Dupre,WR,,0,,,
1392,Daurice Fountain,WR,,0,0,0.7,0
1393,Quadree Henderson,WR,,0,,,
1394,Chris Lacy,WR,,0,1.1,,
1395,Steven Dunbar,WR,,0,,,
1396,Da'Mari Scott,WR,,0,0.7,,
1397,Deante Burton,WR,,0,0,0,
1398,Alonzo Russell,WR,,0,0,,
1399,Keenan Reynolds,WR,,0,0,,
1400,Duron Carter,WR,,0,,,
1401,Rod Streater,WR,,-0.4,0,,
1402,J.J. Jones,WR,,-0.3,0,,
1403,Riley McCarron,WR,,-2,0,,
1404,AJ Brown,WR,,,11.9,15.2,11.5
1405,Terry McLaurin,WR,,,11.6,12,10.3
1406,Deebo Samuel,WR,,,10.7,9.2,18.8
1407,DK Metcalf,WR,,,9.9,14.4,12.2
1408,Darius Slayton,WR,,,10.4,7.3,4.3
1409,Diontae Johnson,WR,,,8.4,11.9,13.8
1410,Marquise Brown,WR,,,8.8,9.6,11.3
1411,Hunter Renfrow,WR,,,8.4,6.5,12.2
1412,Mecole Hardman,WR,,,6.7,6.7,6.6
1413,Steven Sims,WR,,,5.8,3.7,0
1414,Preston Williams,WR,,,9.4,8.2,1.8
1415,Bisi Johnson,WR,,,4,1.7,0
1416,Kelvin Harmon,WR,,,3.2,,
1417,Jakobi Meyers,WR,,,3.3,8.1,9.1
1418,Greg Ward,WR,,,6.6,6.7,3.1
1419,Miles Boykin,WR,,,2.8,3.8,0.6
1420,KeeSean Johnson,WR,,,3.6,3.1,0
1421,Scotty Miller,WR,,,3.4,5.4,2.8
1422,N'Keal Harry,WR,,,4.8,4.1,2.2
1423,Andy Isabella,WR,,,2.1,3.4,0.6
1424,Parris Campbell,WR,,,4.2,5.9,4.5
1425,Byron Pringle,WR,,,1.8,2.9,6.6
1426,Duke Williams,WR,,,7.2,0,
1427,J.J. Arcega-Whiteside,WR,,,1.7,1.6,0.7
1428,Devin Smith,WR,,,5,,0
1429,Olamide Zaccheaus,WR,,,1.9,3.9,5
1430,Keelan Doss,WR,,,2.4,0,0
1431,Deon Cain,WR,,,1.3,0,0
1432,Christian Blake,WR,,,1.6,1.3,0.5
1433,Damion Willis,WR,,,1.3,,
1434,Deonte Harty,WR,,,0.9,4.2,7.3
1435,Braxton Berrios,WR,,,0.8,4.9,6.1
1436,Riley Ridley,WR,,,2,1.2,
1437,Andre Patton,WR,,,0.7,,
1438,Tevin Jones,WR,,,1.6,,
1439,Ventell Bryant,WR,,,0.7,,
1440,Cedrick Wilson Jr.,WR,,,1.2,2.7,9
1441,Alexander Hollins,WR,,,1.1,,
1442,Jason Moore,WR,,,0.5,0,7.1
1443,Diontae Spencer,WR,,,0.3,1.1,-0.3
1444,Ishmael Hyman,WR,,,2.2,,0
1445,C.J. Board,WR,,,1,1.1,1.3
1446,Stanley Morgan,WR,,,0.3,0,0.2
1447,Fred Brown,WR,,,0.2,0,
1448,Ashton Dulin,WR,,,0.2,0.6,2.4
1449,Gunner Olszewski,WR,,,0.3,1.8,0.3
1450,Cody Hollister,WR,,,0.5,0.9,1.8
1451,Rashard Davis,WR,,,2.1,,
1452,Jeff Smith,WR,,,1.7,2.1,1.7
1453,John Ursua,WR,,,0.5,,
1454,Jaleel Scott,WR,,,0.4,2.1,
1455,Cyril Grayson,WR,,,0.4,0,13.2
1456,Travis Fulgham,WR,,,0,7.5,0
1457,Trenton Irwin,WR,,,0,1,0.9
1458,Juwann Winfree,WR,,,0,0,1.6
1459,Davion Davis,WR,,,0,,1.1
1460,Lil'Jordan Humphrey,WR,,,0,4,5.4
1461,Gary Jennings,WR,,,0,,0
1462,John Franklin,WR,,,0,,
1463,Jalen Guyton,WR,,,0,5.2,5.1
1464,Nsimba Webster,WR,,,0,-0.1,0
1465,Spencer Schnell,WR,,,0,,
1466,Tom Kennedy,WR,,,0,,2.2
1467,Jeremy Ross,WR,,,0,,
1468,James Jones,WR,,,0,,
1469,Jester Weah,WR,,,0,,
1470,Tony Jones Jr.,WR,,,0,,
1471,Darrius Shepherd,WR,,,-0.2,0.6,0
1472,Michael Walker,WR,,,-0.2,,
1473,Greg Dortch,WR,,,-1,,1.1
1474,Justin Jefferson,WR,,,,14.4,16.3
1475,Chase Claypool,WR,,,,11.5,9.1
1476,CeeDee Lamb,WR,,,,11.3,12.1
1477,Tee Higgins,WR,,,,10.1,13
1478,Brandon Aiyuk,WR,,,,12.9,8.4
1479,Jerry Jeudy,WR,,,,8.2,6.6
1480,Laviska Shenault Jr.,WR,,,,9.2,6
1481,Darnell Mooney,WR,,,,7.6,10.5
1482,Gabriel Davis,WR,,,,7.5,7.2
1483,Michael Pittman,WR,,,,6.1,11.4
1484,KJ Hamler,WR,,,,5.8,3.3
1485,Jalen Reagor,WR,,,,6.5,3.6
1486,Henry Ruggs,WR,,,,5.5,10.4
1487,Tyron Johnson,WR,,,,5.8,0.4
1488,Quintez Cephus,WR,,,,4.4,8.4
1489,Donovan Peoples-Jones,WR,,,,4.3,6.6
1490,Collin Johnson,WR,,,,3.6,2
1491,Denzel Mims,WR,,,,5.5,1.7
1492,Devin Duvernay,WR,,,,2.7,3.8
1493,Lynn Bowden,WR,,,,4,0
1494,Van Jefferson,WR,,,,2.3,8.4
1495,Tyler Johnson,WR,,,,2.5,3.4
1496,Freddie Swain,WR,,,,2.2,4.4
1497,Isaiah Wright,WR,,,,2.3,
1498,Marquez Callaway,WR,,,,2.9,7.6
1499,Bryan Edwards,WR,,,,2.6,5.8
1500,John Hightower,WR,,,,1.8,0
1501,Malcolm Perry,WR,,,,2.2,
1502,Quez Watkins,WR,,,,3.4,5.6
1503,DeMichael Harris,WR,,,,2.5,0
1504,Malik Taylor,WR,,,,1.1,0.1
1505,Austin Mack,WR,,,,1.1,
1506,Tyrie Cleveland,WR,,,,0.9,0
1507,Joe Reed,WR,,,,0.8,0
1508,KJ Hill,WR,,,,0.6,0.8
1509,Ja'Marcus Bradley,WR,,,,2.8,2.1
1510,Nick Westbrook-Ikhine,WR,,,,0.5,5.9
1511,Isaiah Zuber,WR,,,,1.5,0
1512,Terry Godwin,WR,,,,1.7,
1513,Lawrence Cager,WR,,,,2.3,0
1514,Antonio Gandy-Golden,WR,,,,0.5,0
1515,Penny Hart,WR,,,,0.2,0.8
1516,James Proche II,WR,,,,0.1,4
1517,Isaiah Coulter,WR,,,,0,0
1518,Chris Rowland,WR,,,,0,
1519,Kirk Merritt,WR,,,,0,1.8
1520,Matt Cole,WR,,,,0,0
1521,Kristian Wilkerson,WR,,,,0,18.2
1522,Dan Chisena,WR,,,,0,0
1523,Hakeem Butler,WR,,,,0,
1524,Dezmon Patmon,WR,,,,0,2.3
1525,Reggie Begelton,WR,,,,0,
1526,K.J. Osborn,WR,,,,0,7.9
1527,Quinton Bell,WR,,,,0,0
1528,Alex Bachman,WR,,,,0,-0.2
1529,Tony Brown,WR,,,,0,
1530,Jeff Badet,WR,,,,0,
1531,Marken Michel,WR,,,,0,0
1532,Kendall Hinton,WR,,,,-0.8,2.8
1533,JaMarr Chase,WR,,,,,15.5
1534,Jaylen Waddle,WR,,,,,12.1
1535,Amon-Ra St Brown,WR,,,,,11.4
1536,DeVonta Smith,WR,,,,,9
1537,Elijah Moore,WR,,,,,10.6
1538,Rondale Moore,WR,,,,,5.9
1539,Rashod Bateman,WR,,,,,6.7
1540,Joshua Palmer,WR,,,,,5.1
1541,Jauan Jennings,WR,,,,,5.4
1542,Nico Collins,WR,,,,,4.8
1543,Kadarius Toney,WR,,,,,7
1544,Antoine Wesley,WR,,,,,6
1545,Anthony Schwartz,WR,,,,,2.2
1546,Ihmir Smith-Marsette,WR,,,,,4.4
1547,Terrace Marshall Jr.,WR,,,,,2
1548,Dee Eskridge,WR,,,,,2.9
1549,Dyami Brown,WR,,,,,2.2
1550,Jody Fortson,WR,,,,,4.8
1551,Ben Skowronek,WR,,,,,1.6
1552,Trinity Benson,WR,,,,,2.2
1553,Dez Fitzpatrick,WR,,,,,4.5
1554,Shi Smith,WR,,,,,2.6
1555,Dax Milne,WR,,,,,1.2
1556,Jaelon Darden,WR,,,,,0.9
1557,Amari Rodgers,WR,,,,,0.5
1558,Cody White,WR,,,,,1
1559,D.J. Montgomery,WR,,,,,2.6
1560,Seth Williams,WR,,,,,3.9
1561,Mike Strachan,WR,,,,,1.8
1562,Dazz Newsome,WR,,,,,1.1
1563,Tylan Wallace,WR,,,,,0.3
1564,David Sills,WR,,,,,0.7
1565,C.J. Saunders,WR,,,,,2.1
1566,Frank Darby,WR,,,,,0.5
1567,Tarik Black,WR,,,,,1.5
1568,Easop Winston,WR,,,,,0.3
1569,Maurice Ffrench,WR,,,,,0.2
1570,Tutu Atwell,WR,,,,,0
1571,Reggie Roberson,WR,,,,,0
1572,Sage Surratt,WR,,,,,0
1573,Aaron Parker,WR,,,,,0
1574,Marquez Stevenson,WR,,,,,0
1575,Justyn Ross,WR,,,,,0
1576,Josh Hammond,WR,,,,,0
1577,Willie Johnson,WR,,,,,0
1578,Chris Olave,WR,,,,,0
1579,Andre Baccellia,WR,,,,,0
1580,Jeff Cotton,WR,,,,,0
1581,Pooka Williams,WR,,,,,0
1582,T.J. Vasher,WR,,,,,0
1583,Chris Finke,WR,,,,,0
1584,Jordan Veasy,WR,,,,,0
1585,Mason Kinsey,WR,,,,,0
1586,Aaron Fuller,WR,,,,,0
1587,Trishton Jackson,WR,,,,,0
1588,Binjimen Victor,WR,,,,,0
1589,Tyler Vaughns,WR,,,,,0
1590,Charleston Rambo,WR,,,,,0
1591,Isaiah Hodgins,WR,,,,,0
1592,Cody Thompson,WR,,,,,0
1593,KaVontae Turpin,WR,,,,,0
1594,Kabion Ento,WR,,,,,0
1595,Romeo Doubs,WR,,,,,0
1596,Skyy Moore,WR,,,,,0
1597,Kyle Philips,WR,,,,,0
1598,Christian Watson,WR,,,,,0
1599,Samori Toure,WR,,,,,0
1600,Jerreth Sterns,WR,,,,,0
1601,Dontario Drummond,WR,,,,,0
1602,Alec Pierce,WR,,,,,0
1603,Jalen Tolbert,WR,,,,,0
1604,Erik Ezukanma,WR,,,,,0
1605,Khalil Shakir,WR,,,,,0
1606,Calvin Austin III,WR,,,,,0
1607,Jameson Williams,WR,,,,,0
1608,Calvin Jackson,WR,,,,,0
1609,Kalil Pimpleton,WR,,,,,0
1610,Jalen Virgil,WR,,,,,0
1611,Stanley Berryhill,WR,,,,,0
1612,Tanner Conner,WR,,,,,0
1613,Velus Jones Jr.,WR,,,,,0
1614,Kaylon Geiger,WR,,,,,0
1615,Tyler Snead,WR,,,,,0
1616,Danny Gray,WR,,,,,0
1617,Jalen Nailor,WR,,,,,0
1618,Deven Thompkins,WR,,,,,0
1619,Bo Melton,WR,,,,,0
1620,Tay Martin,WR,,,,,0
1621,Simi Fehoko,WR,,,,,0
1622,Drake London,WR,,,,,0
1623,David Bell,WR,,,,,0
1624,Jahan Dotson,WR,,,,,0
1625,Landen Akers,WR,,,,,0
1626,Michael Bandy,WR,,,,,0
1627,Tim Jones,WR,,,,,0
1628,Dillon Stoner,WR,,,,,0
1629,DJ Turner,WR,,,,,0
1630,Connor Wedington,WR,,,,,0
1631,Blake Proehl,WR,,,,,0
1632,Myron Mitchell,WR,,,,,0
1633,Brandon Smith,WR,,,,,0
1634,Osirus Mitchell,WR,,,,,0
1635,Kawaan Baker,WR,,,,,0
1636,Tre Nixon,WR,,,,,0
1637,Jalen Camp,WR,,,,,0
1638,Austin Trammell,WR,,,,,0
1639,Jacob Harris,WR,,,,,0
1640,Ethan Fernea,WR,,,,,0
1641,Dennis Houston,WR,,,,,0
1642,Mike Harley,WR,,,,,0
1643,Kendric Pryor,WR,,,,,0
1644,Kwamie Lassiter,WR,,,,,0
1645,Neil Pau'u,WR,,,,,0
1646,Andre Miller,WR,,,,,0
1647,Lance McCutcheon,WR,,,,,0
1648,Raleigh Webb,WR,,,,,0
1649,Shemar Bridges,WR,,,,,0
1650,Kevin Shaa,WR,,,,,0
1651,Rashid Shaheed,WR,,,,,0
1652,Jared Bernhardt,WR,,,,,0
1653,Samson Nacua,WR,,,,,0
1654,Justin Hall,WR,,,,,0
1655,Chris Pierce,WR,,,,,0
1656,Maurice Alexander,WR,,,,,0
1657,Keric Wheatfall,WR,,,,,0
1658,Kevin Kassis,WR,,,,,0
1659,Irvin Charles,WR,,,,,0
1660,Dai'Jean Dixon,WR,,,,,0
1661,Gerrit Prince,WR,,,,,0
1662,Britain Covey,WR,,,,,0
1663,Brandon Johnson,WR,,,,,0
1664,Trevon Bradford,WR,,,,,0
1665,Johnny Johnson,WR,,,,,0
1666,Braylon Sanders,WR,,,,,0
1667,Jontre Kirklin,WR,,,,,0
1668,JaVonta Payton,WR,,,,,0
1669,Kyric McGowan,WR,,,,,0
1670,Stone Smartt,WR,,,,,0
1671,Ra'Shaun Henry,WR,,,,,0
1672,Derek Wright,WR,,,,,0
1673,Drew Estrada,WR,,,,,0
1674,Dareke Young,WR,,,,,0
1675,Montrell Washington,WR,,,,,0
1676,Devon Allen,WR,,,,,0
1677,Wan'Dale Robinson,WR,,,,,0
1678,George Pickens,WR,,,,,0
1679,Tyquan Thornton,WR,,,,,0
1680,Treylon Burks,WR,,,,,0
1681,John Metchie III,WR,,,,,0
1682,Garrett Wilson,WR,,,,,0
1683,Kevin Austin,WR,,,,,0
1684,Makai Polk,WR,,,,,0
1685,Cornell Powell,WR,,,,,0
1686,Cade Johnson,WR,,,,,0
1687,Demario Ballard,WR,,,,,0
1688,Patrick Edwards,WR,,,,,0
1689,Eron Riley,WR,,,,,0
1690,Marko Mitchell,WR,,,,,0
1691,Lance Long,WR,,,,,0
1692,Kenny McKinley,WR,,,,,0
1693,Bobby Wade,WR,,,,,0
1694,Chris Henry,WR,,,,,0
1695,Onrea Jones,WR,,,,,0
1696,Taj Smith,WR,,,,,0
1697,Nate Hughes,WR,,,,,0
1698,Rod Harper,WR,,,,,0
1699,Mike Furrey,WR,,,,,0
1700,Maurice Purify,WR,,,,,0
1701,Sam Giguere,WR,,,,,0
1702,Rodney Adams,WR,,,,,0
1703,Daylen Baldwin,WR,,,,,0
1704,Racey McMath,WR,,,,,0
1705,J.J. Koski,WR,,,,,-0.7
1706,Jacksonville Jaguars,DEF,12.4,6.8,6.4,3.4,3.8
1707,Baltimore Ravens ,DEF,10.9,7.9,9.6,8.8,5
1708,Philadelphia Eagles,DEF,10.4,6.1,7.1,6.4,6.5
1709,Los Angeles Rams,DEF,10.1,9.3,9.1,9.4,7.1
1710,Los Angeles Chargers,DEF,9.4,6.8,5.1,4.8,4.6
1711,Detroit Lions ,DEF,9,6.3,4.9,2.2,3.4
1712,New Orleans Saints,DEF,8.9,6.9,8.9,7.9,8.5
1713,Seattle Seahawks ,DEF,8.2,7.7,7.8,6.6,5.6
1714,Pittsburgh Steelers ,DEF,8.2,7.1,11.3,8.7,6.5
1715,Carolina Panthers ,DEF,7.8,5.6,5.9,6.2,5.2
1716,Chicago Bears ,DEF,7.8,11.9,6.4,5.8,6.2
1717,Kansas City Chiefs,DEF,7.4,7.8,9.3,6.8,7.7
1718,Minnesota Vikings ,DEF,7.3,7.8,9,3.8,7.3
1719,New England Patriots,DEF,7.3,8.2,14.5,6.8,9.3
1720,Arizona Cardinals ,DEF,6.9,6.3,4.3,6.9,7.4
1721,Tennessee Titans ,DEF,6.9,7.1,8.3,3.9,7.2
1722,Washington Commanders ,DEF,6.8,7.5,5.9,7.9,5.4
1723,Dallas Cowboys ,DEF,6.6,6.1,6.2,4.9,10.9
1724,Denver Broncos ,DEF,6.6,7.9,6.3,4.8,7
1725,Tampa Bay Buccaneers,DEF,6.6,4.3,8.4,7.4,8.3
1726,Buffalo Bills ,DEF,6.5,6.7,8.6,7.4,8.9
1727,Atlanta Falcons ,DEF,6.2,5,6.1,4.5,3.8
1728,Cincinnati Bengals ,DEF,6.1,5.3,4.2,2.8,6.4
1729,Green Bay Packers,DEF,5.8,5.8,6.9,5.9,6.9
1730,Miami Dolphins ,DEF,5.6,6.6,3.1,8.8,9.1
1731,New York Giants,DEF,5.5,5.3,5.4,6.4,5.1
1732,Indianapolis Colts ,DEF,5.4,7.4,7.9,9.1,8.1
1733,Houston Texans ,DEF,5.1,9.2,5.9,2.8,5.1
1734,San Francisco 49ers,DEF,4.9,3.3,10.2,5.6,6.9
1735,Cleveland Browns ,DEF,4.6,6.3,5.7,6.1,6.1
1736,New York Jets,DEF,4.4,5.9,8.3,4.2,3.4
1737,Las Vegas Raiders,DEF,4.3,2.5,4.4,2.7,3.8
